displayName,printYear,author,printLocation,category,source,textFileURL,nikudMetegFileURL,OCRDataURL,ocrFeDir,displayNameEnglish,authorEnglish,categoryEnglish,printLocationEnglish,underwentBerelUnflagging,fileName,notHumanReviewed
https://files.dicta.org.il/library-1-0/adereteliyahunach/adereteliyahunach__ocr_data_html_files.zip,אדרת אליהו על נביאים כתובים,1871,רבי אליהו בן שלמה זלמן (הגאון מוילנא),וילנה,"תנ""ך ומפרשיו",ספריית דיקטה,https://files.dicta.org.il/library-1-0/adereteliyahunach/adereteliyahunach__text_files.zip,https://files.dicta.org.il/library-1-0/adereteliyahunach/adereteliyahunach__nikud_meteg_files.zip,adereteliyahunach,Aderet Eliyahu (nevi'im ketuvim),Rabbi Elijah ben Solomon Zalman (Vilna Gaon),Tanakh and Commentaries,Vilna (Vilnius),,adereteliyahunach,
https://files.dicta.org.il/library-1-0/adirbamarom/adirbamarom__ocr_data_html_files.zip,אדיר במרום,1886,"לוצאטו, משה חיים בן יעקב חי (רמח""ל)",ורשה,קבלה,ספריית דיקטה,https://files.dicta.org.il/library-1-0/adirbamarom/adirbamarom__text_files.zip,https://files.dicta.org.il/library-1-0/adirbamarom/adirbamarom__nikud_meteg_files.zip,adirbamarom,Adir Bamarom,Moshe Chaim Luzzatto,Kabbala,Warsaw,,adirbamarom,
https://files.dicta.org.il/library-1-0/ahavastzion/ahavastzion__ocr_data_html_files.zip,אהבת ציון,1827,יחזקאל הלוי לנדא,פראג,דרשות ודרושים,ספריית דיקטה,https://files.dicta.org.il/library-1-0/ahavastzion/ahavastzion__text_files.zip,https://files.dicta.org.il/library-1-0/ahavastzion/ahavastzion__nikud_meteg_files.zip,ahavastzion,Ahavat Tzion,Yechezkel Landau,Derashot (Homilies),Prague,,ahavastzion,
https://files.dicta.org.il/library-1-0/ahavatdavid1/ahavatdavid1__ocr_data_html_files.zip,אהבת דוד,1872,שלום דוד מאירוביץ,וילנה,דרשות ודרושים,ספריית דיקטה,https://files.dicta.org.il/library-1-0/ahavatdavid1/ahavatdavid1__text_files.zip,https://files.dicta.org.il/library-1-0/ahavatdavid1/ahavatdavid1__nikud_meteg_files.zip,ahavatdavid1,Ahavat David,Rabbi Sholom Dovid Meirovitz,Derashot (Homilies),Vilna (Vilnius),,ahavatdavid1,
https://files.dicta.org.il/library-1-0/ahvataitan/ahvataitan__ocr_data_html_files.zip,אהבת איתן,1913,ר' אברהם קרניץ,וילנה,"ספרות חז""ל",ספריית דיקטה,https://files.dicta.org.il/library-1-0/ahvataitan/ahvataitan__text_files.zip,https://files.dicta.org.il/library-1-0/ahvataitan/ahvataitan__nikud_meteg_files.zip,ahvataitan,Ahvata Itan,Rabbi Avraham Karnitz,Rabbinic Literature,Vilna (Vilnius),,ahvataitan,
https://files.dicta.org.il/library-1-0/alfeimenashe/alfeimenashe__ocr_data_html_files.zip,אלפי מנשה חלק א,1880,מנשה בן יוסף מאילייה בן פורת ,וילנה,מחשבה ומוסר,ספריית דיקטה,https://files.dicta.org.il/library-1-0/alfeimenashe/alfeimenashe__text_files.zip,https://files.dicta.org.il/library-1-0/alfeimenashe/alfeimenashe__nikud_meteg_files.zip,alfeimenashe,Alfei Menashe part 1,Menashe ben porat,Jewish Thought and Ethics,Vilna (Vilnius),,alfeimenashe,
https://files.dicta.org.il/library-1-0/alfeimenashetorah/alfeimenashetorah__ocr_data_html_files.zip,"אלפי מנשה עה""ת",1935,מנשה איכנשטין,מונקאטש (מונקאץ'),חסידות,ספריית דיקטה,https://files.dicta.org.il/library-1-0/alfeimenashetorah/alfeimenashetorah__text_files.zip,https://files.dicta.org.il/library-1-0/alfeimenashetorah/alfeimenashetorah__nikud_meteg_files.zip,alfeimenashetorah,Alfei Menashe Torah,"Eichenstein, Menashe",Chassidut,Munkatch (Mukacheve),,alfeimenashetorah,
https://files.dicta.org.il/library-1-0/amudeieish/amudeieish__ocr_data_html_files.zip,עמודי אש,1843,ר' ישראל איזנשטיין,למברג (לבוב),"שאלות ותשובות (שו""ת)",ספריית דיקטה,https://files.dicta.org.il/library-1-0/amudeieish/amudeieish__text_files.zip,https://files.dicta.org.il/library-1-0/amudeieish/amudeieish__nikud_meteg_files.zip,amudeieish,Amudei Eish,"Aizinshtain, Yisrael",Responsa,Lemberg (Lvov),,amudeieish,
https://files.dicta.org.il/library-1-0/amudeieishkuntressamudeiyerushalim/amudeieishkuntressamudeiyerushalim__ocr_data_html_files.zip,עמודי אש קונטרס עמודי ירושלים,1843,ר' ישראל איזנשטיין,למברג (לבוב),"שאלות ותשובות (שו""ת)",ספריית דיקטה,https://files.dicta.org.il/library-1-0/amudeieishkuntressamudeiyerushalim/amudeieishkuntressamudeiyerushalim__text_files.zip,https://files.dicta.org.il/library-1-0/amudeieishkuntressamudeiyerushalim/amudeieishkuntressamudeiyerushalim__nikud_meteg_files.zip,amudeieishkuntressamudeiyerushalim,Amudei Eish Kuntress Amudei Yerushalim,"Aizinshtain, Yisrael",Responsa,Lemberg (Lvov),,amudeieishkuntressamudeiyerushalim,
https://files.dicta.org.il/library-1-0/amudeiohr/amudeiohr__ocr_data_html_files.zip,עמודי אור,1855,ר' יחיאל הלר,קניגסברג (קלינינגרד),"שאלות ותשובות (שו""ת)",ספריית דיקטה,https://files.dicta.org.il/library-1-0/amudeiohr/amudeiohr__text_files.zip,https://files.dicta.org.il/library-1-0/amudeiohr/amudeiohr__nikud_meteg_files.zip,amudeiohr,Amudei Ohr,Yechiel Heller,Responsa,Königsberg (Kaliningrad),,amudeiohr,
https://files.dicta.org.il/library-1-0/arugathabosemorachchayim/arugathabosemorachchayim__ocr_data_html_files.zip,"ערוגת הבושם על או""ח",1926,ר' משה גרינוולד,ניו יורק,"שאלות ותשובות (שו""ת)",ספריית דיקטה,https://files.dicta.org.il/library-1-0/arugathabosemorachchayim/arugathabosemorachchayim__text_files.zip,https://files.dicta.org.il/library-1-0/arugathabosemorachchayim/arugathabosemorachchayim__nikud_meteg_files.zip,arugathabosemorachchayim,Arugat ha-bosem orach chayim,Mosheh ben Amram Grinvald,Responsa,New York,,arugathabosemorachchayim,
https://files.dicta.org.il/library-1-0/arugathabosemyorehdeah1/arugathabosemyorehdeah1__ocr_data_html_files.zip,"ערוגת הבושם על יו""ד - א",1912,ר' משה גרינוולד,ניו יורק,"שאלות ותשובות (שו""ת)",ספריית דיקטה,https://files.dicta.org.il/library-1-0/arugathabosemyorehdeah1/arugathabosemyorehdeah1__text_files.zip,https://files.dicta.org.il/library-1-0/arugathabosemyorehdeah1/arugathabosemyorehdeah1__nikud_meteg_files.zip,arugathabosemyorehdeah1,Arugat ha-bosem yoreh deah part 1,Mosheh ben Amram Grinvald,Responsa,New York,,arugathabosemyorehdeah1,
https://files.dicta.org.il/library-1-0/arugathabosemyorehdeah2/arugathabosemyorehdeah2__ocr_data_html_files.zip,"ערוגת הבושם על יו""ד - ב",1912,ר' משה גרינוולד,ניו יורק,"שאלות ותשובות (שו""ת)",ספריית דיקטה,https://files.dicta.org.il/library-1-0/arugathabosemyorehdeah2/arugathabosemyorehdeah2__text_files.zip,https://files.dicta.org.il/library-1-0/arugathabosemyorehdeah2/arugathabosemyorehdeah2__nikud_meteg_files.zip,arugathabosemyorehdeah2,Arugat ha-bosem yoreh deah part 2,Mosheh ben Amram Grinvald,Responsa,New York,,arugathabosemyorehdeah2,
https://files.dicta.org.il/library-1-0/aryehdebeialiyahshas/aryehdebeialiyahshas__ocr_data_html_files.zip,"אריה דבי עילאי (ש""ס)",1880,אריה ליב ליפשיץ,פרמישלה,"שאלות ותשובות (שו""ת)",ספריית דיקטה,https://files.dicta.org.il/library-1-0/aryehdebeialiyahshas/aryehdebeialiyahshas__text_files.zip,https://files.dicta.org.il/library-1-0/aryehdebeialiyahshas/aryehdebeialiyahshas__nikud_meteg_files.zip,aryehdebeialiyahshas,Aryeh deBei Aliyah shas,Aryeh Leibish Lipshitz,Responsa,Przemyśl,,aryehdebeialiyahshas,
https://files.dicta.org.il/library-1-0/ateretmenachem/ateretmenachem__ocr_data_html_files.zip,עטרת מנחם,1910,מנחם מנדל בן יוסף מרימאנוב,בילגוריי,חסידות,ספריית דיקטה,https://files.dicta.org.il/library-1-0/ateretmenachem/ateretmenachem__text_files.zip,https://files.dicta.org.il/library-1-0/ateretmenachem/ateretmenachem__nikud_meteg_files.zip,ateretmenachem,Ateret Menachem,Menachem Mendel Torem of Rimanov,Chassidut,Bilgoraj,,ateretmenachem,
https://files.dicta.org.il/library-1-0/avneihachoshen1/avneihachoshen1__ocr_data_html_files.zip,אבני החושן חלק א,1932,שלמה רייזנר,בילגוריי,שונות,ספריית דיקטה,https://files.dicta.org.il/library-1-0/avneihachoshen1/avneihachoshen1__text_files.zip,https://files.dicta.org.il/library-1-0/avneihachoshen1/avneihachoshen1__nikud_meteg_files.zip,avneihachoshen1,Avnei haChoshen part 1,Shlomo Riezner,Miscellaneous,Bilgoraj,,avneihachoshen1,
https://files.dicta.org.il/library-1-0/avneihaephod1/avneihaephod1__ocr_data_html_files.zip,אבני האפוד חלק א,1913,דוד פיפאנו,סופיה,"שאלות ותשובות (שו""ת)",ספריית דיקטה,https://files.dicta.org.il/library-1-0/avneihaephod1/avneihaephod1__text_files.zip,https://files.dicta.org.il/library-1-0/avneihaephod1/avneihaephod1__nikud_meteg_files.zip,avneihaephod1,Avnei Ha-Ephod part 1,Dovid Ben Avraham Pipeno,Responsa,Sofia,,avneihaephod1,
https://files.dicta.org.il/library-1-0/avneimiluimshulchanaruchevenhaezerpart1/avneimiluimshulchanaruchevenhaezerpart1__ocr_data_html_files.zip,אבני מילואים על השולחן ערוך - א,1860,אריה ליב בן יוסף הכהן (בעל הקצות),הלברשטאדט,הלכה ומנהג,ספריית דיקטה,https://files.dicta.org.il/library-1-0/avneimiluimshulchanaruchevenhaezerpart1/avneimiluimshulchanaruchevenhaezerpart1__text_files.zip,https://files.dicta.org.il/library-1-0/avneimiluimshulchanaruchevenhaezerpart1/avneimiluimshulchanaruchevenhaezerpart1__nikud_meteg_files.zip,avneimiluimshulchanaruchevenhaezerpart1_EGT,Avnei Milu’im (Shulchan Aruch) part 1,Aryeh Leib HaCohen Heller,Halakha and Minhaggim,Halberstadt,,avneimiluimshulchanaruchevenhaezerpart1,
https://files.dicta.org.il/library-1-0/avneimiluimshulchanaruchevenhaezerpart2/avneimiluimshulchanaruchevenhaezerpart2__ocr_data_html_files.zip,אבני מילואים על השולחן ערוך - ב,1860,אריה ליב בן יוסף הכהן (בעל הקצות),הלברשטאדט,הלכה ומנהג,ספריית דיקטה,https://files.dicta.org.il/library-1-0/avneimiluimshulchanaruchevenhaezerpart2/avneimiluimshulchanaruchevenhaezerpart2__text_files.zip,https://files.dicta.org.il/library-1-0/avneimiluimshulchanaruchevenhaezerpart2/avneimiluimshulchanaruchevenhaezerpart2__nikud_meteg_files.zip,avneimiluimshulchanaruchevenhaezerpart2,Avnei Milu’im (Shulchan Aruch) part 2,Aryeh Leib HaCohen Heller,Halakha and Minhaggim,Halberstadt,,avneimiluimshulchanaruchevenhaezerpart2,
https://files.dicta.org.il/library-1-0/baithayotzer1/baithayotzer1__ocr_data_html_files.zip,בית היוצר חלק א,1896,"רוט, יואל צבי בן שמעון",מונקאטש (מונקאץ'),"שאלות ותשובות (שו""ת)",ספריית דיקטה,https://files.dicta.org.il/library-1-0/baithayotzer1/baithayotzer1__text_files.zip,https://files.dicta.org.il/library-1-0/baithayotzer1/baithayotzer1__nikud_meteg_files.zip,baithayotzer1,Bait haYotzer part 1,Yoel Tzvi ben Shimon Rott,Responsa,Munkatch (Mukacheve),,baithayotzer1,
https://files.dicta.org.il/library-1-0/baityaakovtushinsky/baityaakovtushinsky__ocr_data_html_files.zip,בית יעקב (טבשונסקי),1912,יעקב טובושונסקי,ורשה,הלכה ומנהג,ספריית דיקטה,https://files.dicta.org.il/library-1-0/baityaakovtushinsky/baityaakovtushinsky__text_files.zip,https://files.dicta.org.il/library-1-0/baityaakovtushinsky/baityaakovtushinsky__nikud_meteg_files.zip,baityaakovtushinsky,Bait Yaakov (Tushinsky),Yaakov Tushinsky,Halakha and Minhaggim,Warsaw,,baityaakovtushinsky,
https://files.dicta.org.il/library-1-0/baityehezkel/baityehezkel__ocr_data_html_files.zip,בית יחזקאל (מיכלסון),1924,ר' צבי יחזקאל מיכלסון,פיוטריקוב,"שאלות ותשובות (שו""ת)",ספריית דיקטה,https://files.dicta.org.il/library-1-0/baityehezkel/baityehezkel__text_files.zip,https://files.dicta.org.il/library-1-0/baityehezkel/baityehezkel__nikud_meteg_files.zip,baityehezkel,Bait Yehezkel Michelson,Tzvi Yehezkel Michelson,Responsa,Piotrków,,baityehezkel,
https://files.dicta.org.il/library-1-0/barukhmordekhai1/barukhmordekhai1__ocr_data_html_files.zip,ברוך מרדכי חלק א,1875,ר' מרדכי פריד,למברג (לבוב),תלמוד ומפרשיו,ספריית דיקטה,https://files.dicta.org.il/library-1-0/barukhmordekhai1/barukhmordekhai1__text_files.zip,https://files.dicta.org.il/library-1-0/barukhmordekhai1/barukhmordekhai1__nikud_meteg_files.zip,barukhmordekhai1,Barukh Mordekhai part 1,"Frid, Mordekhai",Talmud and Commentaries,Lemberg (Lvov),,barukhmordekhai1,
https://files.dicta.org.il/library-1-0/barukhmordekhai2/barukhmordekhai2__ocr_data_html_files.zip,ברוך מרדכי חלק ב,1875,ר' מרדכי פריד,למברג (לבוב),תלמוד ומפרשיו,ספריית דיקטה,https://files.dicta.org.il/library-1-0/barukhmordekhai2/barukhmordekhai2__text_files.zip,https://files.dicta.org.il/library-1-0/barukhmordekhai2/barukhmordekhai2__nikud_meteg_files.zip,barukhmordekhai2,Barukh Mordekhai part 2,"Frid, Mordekhai",Talmud and Commentaries,Lemberg (Lvov),,barukhmordekhai2,
https://files.dicta.org.il/library-1-0/beermordechai/beermordechai__ocr_data_html_files.zip,באר מרדכי,1927,ר' מרדכי פרהנד,גאלאץ,"שאלות ותשובות (שו""ת)",ספריית דיקטה,https://files.dicta.org.il/library-1-0/beermordechai/beermordechai__text_files.zip,https://files.dicta.org.il/library-1-0/beermordechai/beermordechai__nikud_meteg_files.zip,beermordechai,Beer Mordechai,Rabbi Mordechai Farhand,Responsa,Galati,,beermordechai,
https://files.dicta.org.il/library-1-0/beeryitzchakbillitzer/beeryitzchakbillitzer__ocr_data_html_files.zip,"באר יצחק עה""ת",1898,ר' יצחק ביליצר,פקש,"תנ""ך ומפרשיו",ספריית דיקטה,https://files.dicta.org.il/library-1-0/beeryitzchakbillitzer/beeryitzchakbillitzer__text_files.zip,https://files.dicta.org.il/library-1-0/beeryitzchakbillitzer/beeryitzchakbillitzer__nikud_meteg_files.zip,beeryitzchakbillitzer,Beer Yitzchak Billitzer,Rabbi Yitzchak Billitzer,Tanakh and Commentaries,Paks,,beeryitzchakbillitzer,
https://files.dicta.org.il/library-1-0/beitmeirshas/beitmeirshas__ocr_data_html_files.zip,"בית מאיר ש""ס",1884,מאיר פוזנר,ורשה,תלמוד ומפרשיו,ספריית דיקטה,https://files.dicta.org.il/library-1-0/beitmeirshas/beitmeirshas__text_files.zip,https://files.dicta.org.il/library-1-0/beitmeirshas/beitmeirshas__nikud_meteg_files.zip,beitmeirshas,Beit Meir shas,rabbi meir posner,Talmud and Commentaries,Warsaw,,beitmeirshas,
https://files.dicta.org.il/library-1-0/beitshearimyorehdeah1/beitshearimyorehdeah1__ocr_data_html_files.zip,בית שערים יורה דעה חלק א,1941,עמרם בלום,גרוסורדן (אורדיאה) ,"שאלות ותשובות (שו""ת)",ספריית דיקטה,https://files.dicta.org.il/library-1-0/beitshearimyorehdeah1/beitshearimyorehdeah1__text_files.zip,https://files.dicta.org.il/library-1-0/beitshearimyorehdeah1/beitshearimyorehdeah1__nikud_meteg_files.zip,beitshearimyorehdeah1_EGT,Beit She'arim Yoreh Deah part 1,Amram Blum,Responsa,Grosswardien (Oradea) ,,beitshearimyorehdeah1,
https://files.dicta.org.il/library-1-0/beitshlomoyorehdeahmahadurabatra1/beitshlomoyorehdeahmahadurabatra1__ocr_data_html_files.zip,בית שלמה יורה דעה מהדורא בתרא חלק א,1878,שלמה דרימר,למברג (לבוב),"שאלות ותשובות (שו""ת)",ספריית דיקטה,https://files.dicta.org.il/library-1-0/beitshlomoyorehdeahmahadurabatra1/beitshlomoyorehdeahmahadurabatra1__text_files.zip,https://files.dicta.org.il/library-1-0/beitshlomoyorehdeahmahadurabatra1/beitshlomoyorehdeahmahadurabatra1__nikud_meteg_files.zip,beitshlomoyorehdeahmahadurabatra1,Beit Shlomo Yoreh Deah mahadura batra part 1,Shlomo Dreimer,Responsa,Lemberg (Lvov),,beitshlomoyorehdeahmahadurabatra1,
https://files.dicta.org.il/library-1-0/beityitzchakyorehdeah1/beityitzchakyorehdeah1__ocr_data_html_files.zip,בית יצחק יורה דעה חלק א,1888,יצחק י-הודה שמלקיש,פרמישלה,"שאלות ותשובות (שו""ת)",ספריית דיקטה,https://files.dicta.org.il/library-1-0/beityitzchakyorehdeah1/beityitzchakyorehdeah1__text_files.zip,https://files.dicta.org.il/library-1-0/beityitzchakyorehdeah1/beityitzchakyorehdeah1__nikud_meteg_files.zip,beityitzchakyorehdeah1_EGT,Beit Yitzchak Yoreh Deah part 1,Yitsḥak Yehudah Schmelkes,Responsa,Przemyśl,,beityitzchakyorehdeah1,
https://files.dicta.org.il/library-1-0/beityitzchakyorehdeah2/beityitzchakyorehdeah2__ocr_data_html_files.zip,בית יצחק יורה דעה חלק ב,1895,יצחק י-הודה שמלקיש,פרמישלה,"שאלות ותשובות (שו""ת)",ספריית דיקטה,https://files.dicta.org.il/library-1-0/beityitzchakyorehdeah2/beityitzchakyorehdeah2__text_files.zip,https://files.dicta.org.il/library-1-0/beityitzchakyorehdeah2/beityitzchakyorehdeah2__nikud_meteg_files.zip,beityitzchakyorehdeah2_EGT,Beit Yitzchak Yoreh Deah part 2,Yitsḥak Yehudah Schmelkes,Responsa,Przemyśl,,beityitzchakyorehdeah2,
https://files.dicta.org.il/library-1-0/bekalegulgoletshulchanaruch/bekalegulgoletshulchanaruch__ocr_data_html_files.zip,"בקע לגולגולת (שו""ת)",1884,אליהו אלמליח,ירושלים,"שאלות ותשובות (שו""ת)",ספריית דיקטה,https://files.dicta.org.il/library-1-0/bekalegulgoletshulchanaruch/bekalegulgoletshulchanaruch__text_files.zip,https://files.dicta.org.il/library-1-0/bekalegulgoletshulchanaruch/bekalegulgoletshulchanaruch__nikud_meteg_files.zip,bekalegulgoletshulchanaruch,Beka Legulgolet (Shulchan Aruch),Rabbi Eliyahu Elmaleh,Responsa,Jerusalem,,bekalegulgoletshulchanaruch,
https://files.dicta.org.il/library-1-0/benyamin/benyamin__ocr_data_html_files.zip,בן ימין,1896,רבי רחמים חיים יהודה ישראל,סאלוניקי,"שאלות ותשובות (שו""ת)",ספריית דיקטה,https://files.dicta.org.il/library-1-0/benyamin/benyamin__text_files.zip,https://files.dicta.org.il/library-1-0/benyamin/benyamin__nikud_meteg_files.zip,benyamin_EGT,Ben Yamin,Rachamim Chaim Yehudah ben Michoel Yakov Yisroel,Responsa,Salonika (Thessaloniki),,benyamin,
https://files.dicta.org.il/library-1-0/berityaakov2/berityaakov2__ocr_data_html_files.zip,ברית יעקב חלק ב,1876,ברוך מרדכי ליבשיץ,ורשה,"שאלות ותשובות (שו""ת)",ספריית דיקטה,https://files.dicta.org.il/library-1-0/berityaakov2/berityaakov2__text_files.zip,https://files.dicta.org.il/library-1-0/berityaakov2/berityaakov2__nikud_meteg_files.zip,berityaakov2,Berit Yaaḳov part 2,"Libschitz, Baruch Mordecai",Responsa,Warsaw,,berityaakov2,
https://files.dicta.org.il/library-1-0/binatnevonim/binatnevonim__ocr_data_html_files.zip,בינת נבונים,1893,ניסן מרקל,ורשה,תלמוד ומפרשיו,ספריית דיקטה,https://files.dicta.org.il/library-1-0/binatnevonim/binatnevonim__text_files.zip,https://files.dicta.org.il/library-1-0/binatnevonim/binatnevonim__nikud_meteg_files.zip,binatnevonim,Binat Nevonim,Isaac Lifietz of Shedlitz,Talmud and Commentaries,Warsaw,,binatnevonim,
https://files.dicta.org.il/library-1-0/binyandavid1/binyandavid1__ocr_data_html_files.zip,בנין דוד א,1942,ר' דוד דב מייזליש,אויהל (שטורליאוהי),"שאלות ותשובות (שו""ת)",ספריית דיקטה,https://files.dicta.org.il/library-1-0/binyandavid1/binyandavid1__text_files.zip,https://files.dicta.org.il/library-1-0/binyandavid1/binyandavid1__nikud_meteg_files.zip,binyandavid1,Binyan David part1,Rabbi David Dov Meiselis,Responsa,Ujhely (Satoraljaujhely),,binyandavid1,
https://files.dicta.org.il/library-1-0/binyandavidresponsa/binyandavidresponsa__ocr_data_html_files.zip,"שו""ת בנין דוד",1932,ר' דוד דב מייזליש,אויהל (שטורליאוהי),"שאלות ותשובות (שו""ת)",ספריית דיקטה,https://files.dicta.org.il/library-1-0/binyandavidresponsa/binyandavidresponsa__text_files.zip,https://files.dicta.org.il/library-1-0/binyandavidresponsa/binyandavidresponsa__nikud_meteg_files.zip,binyandavidresponsa,Shut Binyan David,Rabbi David Dov Meiselis,Responsa,Ujhely (Satoraljaujhely),,binyandavidresponsa,
https://files.dicta.org.il/library-1-0/bircatavrahamberakhot/bircatavrahamberakhot__ocr_data_html_files.zip,ברכת אברהם (ברכות),1930,אברהם אביש,פיוטריקוב,תלמוד ומפרשיו,ספריית דיקטה,https://files.dicta.org.il/library-1-0/bircatavrahamberakhot/bircatavrahamberakhot__text_files.zip,https://files.dicta.org.il/library-1-0/bircatavrahamberakhot/bircatavrahamberakhot__nikud_meteg_files.zip,bircatavrahamberakhot,Bircat Avraham Berakhot,"Abish, Avraham",Talmud and Commentaries,Piotrków,,bircatavrahamberakhot,
https://files.dicta.org.il/library-1-0/birchatroshberakhot/birchatroshberakhot__ocr_data_html_files.zip,ברכת ראש ברכות,1891,"אשכנזי, אשר בן צבי הירש, הכהן",פיוטריקוב,תלמוד ומפרשיו,ספריית דיקטה,https://files.dicta.org.il/library-1-0/birchatroshberakhot/birchatroshberakhot__text_files.zip,https://files.dicta.org.il/library-1-0/birchatroshberakhot/birchatroshberakhot__nikud_meteg_files.zip,birchatroshberakhot,Birchat Rosh (Berakhot),Asher Cohen,Talmud and Commentaries,Piotrków,,birchatroshberakhot,
https://files.dicta.org.il/library-1-0/birchatroshnazir/birchatroshnazir__ocr_data_html_files.zip,ברכת ראש נזיר,1876,"אשכנזי, אשר בן צבי הירש, הכהן",ורשה,תלמוד ומפרשיו,ספריית דיקטה,https://files.dicta.org.il/library-1-0/birchatroshnazir/birchatroshnazir__text_files.zip,https://files.dicta.org.il/library-1-0/birchatroshnazir/birchatroshnazir__nikud_meteg_files.zip,birchatroshnazir,Birchat Rosh (Nazir),Asher Cohen,Talmud and Commentaries,Warsaw,,birchatroshnazir,
https://files.dicta.org.il/library-1-0/birkatavrahamyener/birkatavrahamyener__ocr_data_html_files.zip,ברכת אברהם (יענר),1870,אברהם נפתלי הירץ ינר ,למברג (לבוב),"שאלות ותשובות (שו""ת)",ספריית דיקטה,https://files.dicta.org.il/library-1-0/birkatavrahamyener/birkatavrahamyener__text_files.zip,https://files.dicta.org.il/library-1-0/birkatavrahamyener/birkatavrahamyener__nikud_meteg_files.zip,birkatavrahamyener,Birkat Avraham (Yener),"Yener, Avraham Naftali Hirts",Responsa,Lemberg (Lvov),,birkatavrahamyener,
https://files.dicta.org.il/library-1-0/birkatcohen/birkatcohen__ocr_data_html_files.zip,ברכת כהן,1908,"רפפורט, טוביה גוטמן",פיוטריקוב,"שאלות ותשובות (שו""ת)",ספריית דיקטה,https://files.dicta.org.il/library-1-0/birkatcohen/birkatcohen__text_files.zip,https://files.dicta.org.il/library-1-0/birkatcohen/birkatcohen__nikud_meteg_files.zip,birkatcohen,Birkat Cohen,"Rappoport, Tuviah Gutman",Responsa,Piotrków,,birkatcohen,
https://files.dicta.org.il/library-1-0/biyurmordechaiberakhot/biyurmordechaiberakhot__ocr_data_html_files.zip,ביאור מרדכי ברכות,1813,ר' מרדכי בנט,וינה,תלמוד ומפרשיו,ספריית דיקטה,https://files.dicta.org.il/library-1-0/biyurmordechaiberakhot/biyurmordechaiberakhot__text_files.zip,https://files.dicta.org.il/library-1-0/biyurmordechaiberakhot/biyurmordechaiberakhot__nikud_meteg_files.zip,biyurmordechaiberakhot,Biyur Mordechai Berakhot,Rabbi Mordechai Bent,Talmud and Commentaries,Vienna,,biyurmordechaiberakhot,
https://files.dicta.org.il/library-1-0/chiddusheihamaharit/chiddusheihamaharit__ocr_data_html_files.zip,חידושי המהרי”ט,1861,יוסף מטראני,למברג (לבוב),תלמוד ומפרשיו,ספריית דיקטה,https://files.dicta.org.il/library-1-0/chiddusheihamaharit/chiddusheihamaharit__text_files.zip,https://files.dicta.org.il/library-1-0/chiddusheihamaharit/chiddusheihamaharit__nikud_meteg_files.zip,chiddusheihamaharit_EGT,Chiddushei Ha-Maharit,Joseph Trani,Talmud and Commentaries,Lemberg (Lvov),,chiddusheihamaharit,
https://files.dicta.org.il/library-1-0/chidusheiharadad/chidusheiharadad__ocr_data_html_files.zip,"חידושי הרד""ד",1890,דוד דוב בן אהרן אריה יהודה יעקב מייזלש ,ורשה,תלמוד ומפרשיו,ספריית דיקטה,https://files.dicta.org.il/library-1-0/chidusheiharadad/chidusheiharadad__text_files.zip,https://files.dicta.org.il/library-1-0/chidusheiharadad/chidusheiharadad__nikud_meteg_files.zip,chidusheiharadad,Chidushei haRadad,David Dov Meisels,Talmud and Commentaries,Warsaw,,chidusheiharadad,
https://files.dicta.org.il/library-1-0/chidusheimahariketuvot/chidusheimahariketuvot__ocr_data_html_files.zip,"חידושי מהרי""א על כתובות",1931,רבי יהודה אסאד,טורנוב,תלמוד ומפרשיו,ספריית דיקטה,https://files.dicta.org.il/library-1-0/chidusheimahariketuvot/chidusheimahariketuvot__text_files.zip,https://files.dicta.org.il/library-1-0/chidusheimahariketuvot/chidusheimahariketuvot__nikud_meteg_files.zip,chidusheimahariketuvot,Hidushei Mahari Ketuvot,Yehudah Assad,Talmud and Commentaries,Turnau (Turnov),,chidusheimahariketuvot,
https://files.dicta.org.il/library-1-0/chopatchatanim/chopatchatanim__ocr_data_html_files.zip,חופת חתנים,1875,רפאל בן חזקיהו מילדולה ,ורשה,הלכה ומנהג,ספריית דיקטה,https://files.dicta.org.il/library-1-0/chopatchatanim/chopatchatanim__text_files.zip,https://files.dicta.org.il/library-1-0/chopatchatanim/chopatchatanim__nikud_meteg_files.zip,chopatchatanim,Chopat Chatanim,Raphael Meldola,Halakha and Minhaggim,Warsaw,,chopatchatanim,
https://files.dicta.org.il/library-1-0/darkheteshuvah1/darkheteshuvah1__ocr_data_html_files.zip,דרכי תשובה - א,1892,צבי הירש שפירא,וילנה,הלכה ומנהג,ספריית דיקטה,https://files.dicta.org.il/library-1-0/darkheteshuvah1/darkheteshuvah1__text_files.zip,https://files.dicta.org.il/library-1-0/darkheteshuvah1/darkheteshuvah1__nikud_meteg_files.zip,darkheteshuvah1,Darkhe teshuvah part 1,"Shapira, Tsevi Hirsh",Halakha and Minhaggim,Vilna (Vilnius),,darkheteshuvah1,
https://files.dicta.org.il/library-1-0/darkheteshuvah2/darkheteshuvah2__ocr_data_html_files.zip,דרכי תשובה - ב,1892,צבי הירש שפירא,וילנה,הלכה ומנהג,ספריית דיקטה,https://files.dicta.org.il/library-1-0/darkheteshuvah2/darkheteshuvah2__text_files.zip,https://files.dicta.org.il/library-1-0/darkheteshuvah2/darkheteshuvah2__nikud_meteg_files.zip,darkheteshuvah2,Darkhe teshuvah part 2,"Shapira, Tsevi Hirsh",Halakha and Minhaggim,Vilna (Vilnius),,darkheteshuvah2,
https://files.dicta.org.il/library-1-0/darkheteshuvah3/darkheteshuvah3__ocr_data_html_files.zip,דרכי תשובה - ג,1892,ר' צבי הירש שפירא,וילנה,הלכה ומנהג,ספריית דיקטה,https://files.dicta.org.il/library-1-0/darkheteshuvah3/darkheteshuvah3__text_files.zip,https://files.dicta.org.il/library-1-0/darkheteshuvah3/darkheteshuvah3__nikud_meteg_files.zip,darkheteshuvah3,Darkhe teshuvah part 3,Tsevi Hirsh Shapira,Halakha and Minhaggim,Vilna (Vilnius),,darkheteshuvah3,
https://files.dicta.org.il/library-1-0/darkheteshuvah4/darkheteshuvah4__ocr_data_html_files.zip,דרכי תשובה - ד,1892,ר' צבי הירש שפירא,וילנה,הלכה ומנהג,ספריית דיקטה,https://files.dicta.org.il/library-1-0/darkheteshuvah4/darkheteshuvah4__text_files.zip,https://files.dicta.org.il/library-1-0/darkheteshuvah4/darkheteshuvah4__nikud_meteg_files.zip,darkheteshuvah4,Darkhe teshuvah part 4,Tsevi Hirsh Shapira,Halakha and Minhaggim,Vilna (Vilnius),,darkheteshuvah4,
https://files.dicta.org.il/library-1-0/derechyama/derechyama__ocr_data_html_files.zip,דרך ימה,1936,ר' יעקב מאיר פרידלנדר,ורנוב,שונות,ספריית דיקטה,https://files.dicta.org.il/library-1-0/derechyama/derechyama__text_files.zip,https://files.dicta.org.il/library-1-0/derechyama/derechyama__nikud_meteg_files.zip,derechyama,Derech Yama,Rabbi Yaakov Meir Friedlander,Miscellaneous,Vranov,,derechyama,
https://files.dicta.org.il/library-1-0/derekhhukekha/derekhhukekha__ocr_data_html_files.zip,דרך חוקיך,1887,ר' מנחם מנדל הרטמן,דרוהוביטש,שונות,ספריית דיקטה,https://files.dicta.org.il/library-1-0/derekhhukekha/derekhhukekha__text_files.zip,https://files.dicta.org.il/library-1-0/derekhhukekha/derekhhukekha__nikud_meteg_files.zip,derekhhukekha,Derekh hukekha,Menahem Mendel ben Yoel,Miscellaneous,Drohovich,,derekhhukekha,
https://files.dicta.org.il/library-1-0/divreigaonim/divreigaonim__ocr_data_html_files.zip,דברי גאונים,1901,ר' חיים אריה כהנא,סיגט,הלכה ומנהג,ספריית דיקטה,https://files.dicta.org.il/library-1-0/divreigaonim/divreigaonim__text_files.zip,https://files.dicta.org.il/library-1-0/divreigaonim/divreigaonim__nikud_meteg_files.zip,divreigaonim,Divrei Gaonim,Rabbi Chaim Aryeh Kahane,Halakha and Minhaggim,Sziget (Sighetu Marmației),,divreigaonim,
https://files.dicta.org.il/library-1-0/divreimahari2/divreimahari2__ocr_data_html_files.zip,"דברי מהרי""א חלק ב",1931,רבי יהודה אסאד,מיהלוביץ,שונות,ספריית דיקטה,https://files.dicta.org.il/library-1-0/divreimahari2/divreimahari2__text_files.zip,https://files.dicta.org.il/library-1-0/divreimahari2/divreimahari2__nikud_meteg_files.zip,divreimahari2,Divrei Mahari part 2,Yehudah Assad,Miscellaneous,Michalovce,,divreimahari2,
https://files.dicta.org.il/library-1-0/divreishauldrashot/divreishauldrashot__ocr_data_html_files.zip,דברי שאול דרשות,1876,ר' יוסף שאול נתנזון,למברג (לבוב),דרשות ודרושים,ספריית דיקטה,https://files.dicta.org.il/library-1-0/divreishauldrashot/divreishauldrashot__text_files.zip,https://files.dicta.org.il/library-1-0/divreishauldrashot/divreishauldrashot__nikud_meteg_files.zip,divreishauldrashot,Divre Shaul Drashot,Rabbi yosef Shaul Natanson,Derashot (Homilies),Lemberg (Lvov),,divreishauldrashot,
https://files.dicta.org.il/library-1-0/divreishauledutbeyhosef1/divreishauledutbeyhosef1__ocr_data_html_files.zip,דברי שאול - עדות ביוסף - א,1878,יוסף שאול נתנזון,למברג (לבוב),שונות,ספריית דיקטה,https://files.dicta.org.il/library-1-0/divreishauledutbeyhosef1/divreishauledutbeyhosef1__text_files.zip,https://files.dicta.org.il/library-1-0/divreishauledutbeyhosef1/divreishauledutbeyhosef1__nikud_meteg_files.zip,divreishauledutbeyhosef1,Divre Shaul Edut Beyhosef part1,"Nathanson, Joseph Saul",Miscellaneous,Lemberg (Lvov),,divreishauledutbeyhosef1,
https://files.dicta.org.il/library-1-0/divreishaulhelekbesheva/divreishaulhelekbesheva__ocr_data_html_files.zip,דברי שאול חלק לשבעה,1879,יוסף שאול נתנזון,למברג (לבוב),הלכה ומנהג,ספריית דיקטה,https://files.dicta.org.il/library-1-0/divreishaulhelekbesheva/divreishaulhelekbesheva__text_files.zip,https://files.dicta.org.il/library-1-0/divreishaulhelekbesheva/divreishaulhelekbesheva__nikud_meteg_files.zip,divreishaulhelekbesheva,Divre Shaul Helek Lesheva,"Nathanson, Joseph Saul",Halakha and Minhaggim,Lemberg (Lvov),,divreishaulhelekbesheva,
https://files.dicta.org.il/library-1-0/divreiyechezkel/divreiyechezkel__ocr_data_html_files.zip,דברי יחזקאל,1935,יחזקאל ברנשטיין,קידן (קדאינאי),הלכה ומנהג,ספריית דיקטה,https://files.dicta.org.il/library-1-0/divreiyechezkel/divreiyechezkel__text_files.zip,https://files.dicta.org.il/library-1-0/divreiyechezkel/divreiyechezkel__nikud_meteg_files.zip,divreiyechezkel,Divrei Yechezkel,Yechezkel ben Tzvi Hirsch haLevi,Halakha and Minhaggim,Kiedany (Kedainai),,divreiyechezkel,
https://files.dicta.org.il/library-1-0/dvarhamelukha/dvarhamelukha__ocr_data_html_files.zip,דבר המלוכה,1935,"בראך, שאול בן אלעזר",ורנוב,הלכה ומנהג,ספריית דיקטה,https://files.dicta.org.il/library-1-0/dvarhamelukha/dvarhamelukha__text_files.zip,https://files.dicta.org.il/library-1-0/dvarhamelukha/dvarhamelukha__nikud_meteg_files.zip,dvarhamelukha,Dvar ha-Melukha,"Brach, Shaul ben Elazar",Halakha and Minhaggim,Vranov,,dvarhamelukha,
https://files.dicta.org.il/library-1-0/dvarshmuel/dvarshmuel__ocr_data_html_files.zip,דבר שמואל,1940,שמואל בן אהרן עמאר ,קזבלנקה,"שאלות ותשובות (שו""ת)",ספריית דיקטה,https://files.dicta.org.il/library-1-0/dvarshmuel/dvarshmuel__text_files.zip,https://files.dicta.org.il/library-1-0/dvarshmuel/dvarshmuel__nikud_meteg_files.zip,dvarshmuel,Dvar Shmuel,"Amar, Shmuel ben Aharon",Responsa,Casablanca,,dvarshmuel,
https://files.dicta.org.il/library-1-0/einhamayim/einhamayim__ocr_data_html_files.zip,עין המים,1883,יעקב מאיר פדואה,ורשה,"שאלות ותשובות (שו""ת)",ספריית דיקטה,https://files.dicta.org.il/library-1-0/einhamayim/einhamayim__text_files.zip,https://files.dicta.org.il/library-1-0/einhamayim/einhamayim__nikud_meteg_files.zip,einhamayim,Ein haMayim,"Pado, Yaakov Meir",Responsa,Warsaw,,einhamayim,
https://files.dicta.org.il/library-1-0/eirechshaishas/eirechshaishas__ocr_data_html_files.zip,"ערך ש""י ש""ס",1910,"טאבאק, שלמה יהודה בן פסח צבי",סיגט,תלמוד ומפרשיו,ספריית דיקטה,https://files.dicta.org.il/library-1-0/eirechshaishas/eirechshaishas__text_files.zip,https://files.dicta.org.il/library-1-0/eirechshaishas/eirechshaishas__nikud_meteg_files.zip,eirechshaishas,Erech Shi Shas,"Tabak, Shlomo Yehudah ben Pesach Zvi",Talmud and Commentaries,Sziget (Sighetu Marmației),,eirechshaishas,
https://files.dicta.org.il/library-1-0/eshkolethagefen/eshkolethagefen__ocr_data_html_files.zip,אשכולות הגפן,1910,ר' מנחם מנדל לנדמן,פרמישלה,חסידות,ספריית דיקטה,https://files.dicta.org.il/library-1-0/eshkolethagefen/eshkolethagefen__text_files.zip,https://files.dicta.org.il/library-1-0/eshkolethagefen/eshkolethagefen__nikud_meteg_files.zip,eshkolethagefen,Eshkolet haGefen,Menachem Mendel Landman,Chassidut,Przemyśl,,eshkolethagefen,
https://files.dicta.org.il/library-1-0/etsofer1/etsofer1__ocr_data_html_files.zip,עט סופר חלק א,1899,אליעזר בן מרדכי אפרים פישל סופר זוסמאן ,פקש,הלכה ומנהג,ספריית דיקטה,https://files.dicta.org.il/library-1-0/etsofer1/etsofer1__text_files.zip,https://files.dicta.org.il/library-1-0/etsofer1/etsofer1__nikud_meteg_files.zip,etsofer1,Et Sofer part 1,Eliezer Zussman-Sofer,Halakha and Minhaggim,Paks,,etsofer1,
https://files.dicta.org.il/library-1-0/etsofer3/etsofer3__ocr_data_html_files.zip,עט סופר חלק ג,1899,אליעזר בן מרדכי אפרים פישל סופר זוסמאן ,פקש,הלכה ומנהג,ספריית דיקטה,https://files.dicta.org.il/library-1-0/etsofer3/etsofer3__text_files.zip,https://files.dicta.org.il/library-1-0/etsofer3/etsofer3__nikud_meteg_files.zip,etsofer3,Et Sofer part 3,Eliezer Zussman-Sofer,Halakha and Minhaggim,Paks,,etsofer3,
https://files.dicta.org.il/library-1-0/etsofer4/etsofer4__ocr_data_html_files.zip,עט סופר חלק ד,1899,אליעזר בן מרדכי אפרים פישל סופר זוסמאן ,פקש,הלכה ומנהג,ספריית דיקטה,https://files.dicta.org.il/library-1-0/etsofer4/etsofer4__text_files.zip,https://files.dicta.org.il/library-1-0/etsofer4/etsofer4__nikud_meteg_files.zip,etsofer4,Et Sofer part 4,Eliezer Zussman-Sofer,Halakha and Minhaggim,Paks,,etsofer4,
https://files.dicta.org.il/library-1-0/gahaleesh/gahaleesh__ocr_data_html_files.zip,גחלי אש,1908,ירוחם י-הודה ליב וולפיש,ורשה,הלכה ומנהג,ספריית דיקטה,https://files.dicta.org.il/library-1-0/gahaleesh/gahaleesh__text_files.zip,https://files.dicta.org.il/library-1-0/gahaleesh/gahaleesh__nikud_meteg_files.zip,gahaleesh,Gahale esh,Yerucham Yehuda Leib Wolfish,Halakha and Minhaggim,Warsaw,,gahaleesh,
https://files.dicta.org.il/library-1-0/gaonyaakoveruvin/gaonyaakoveruvin__ocr_data_html_files.zip,גאון יעקב עירובין,1863,ר' יעקב כהנא,למברג (לבוב),תלמוד ומפרשיו,ספריית דיקטה,https://files.dicta.org.il/library-1-0/gaonyaakoveruvin/gaonyaakoveruvin__text_files.zip,https://files.dicta.org.il/library-1-0/gaonyaakoveruvin/gaonyaakoveruvin__nikud_meteg_files.zip,gaonyaakoveruvin,Gaon Yaakov Eruvin,Yaakov ben Avraham Kahane,Talmud and Commentaries,Lemberg (Lvov),,gaonyaakoveruvin,
https://files.dicta.org.il/library-1-0/geliamesecht1/geliamesecht1__ocr_data_html_files.zip,גליא מסכת חלק א,1845,דוד בן משה מנובהרדוק,וילנה,"שאלות ותשובות (שו""ת)",ספריית דיקטה,https://files.dicta.org.il/library-1-0/geliamesecht1/geliamesecht1__text_files.zip,https://files.dicta.org.il/library-1-0/geliamesecht1/geliamesecht1__nikud_meteg_files.zip,geliamesecht1,Gelia Mesecht part 1,Dovid ben Moshe,Responsa,Vilna (Vilnius),,geliamesecht1,
https://files.dicta.org.il/library-1-0/geliamesecht2/geliamesecht2__ocr_data_html_files.zip,גליא מסכת חלק ב,1845,דוד בן משה מנובהרדוק,וילנה,דרשות ודרושים,ספריית דיקטה,https://files.dicta.org.il/library-1-0/geliamesecht2/geliamesecht2__text_files.zip,https://files.dicta.org.il/library-1-0/geliamesecht2/geliamesecht2__nikud_meteg_files.zip,geliamesecht2,Gelia Mesecht part 2,Dovid ben Moshe,Derashot (Homilies),Vilna (Vilnius),,geliamesecht2,
https://files.dicta.org.il/library-1-0/gelyonihashaszeraim/gelyonihashaszeraim__ocr_data_html_files.zip,"גליוני הש""ס זרעים",1904,ר' יוסף ענגיל,וינה,תלמוד ומפרשיו,ספריית דיקטה,https://files.dicta.org.il/library-1-0/gelyonihashaszeraim/gelyonihashaszeraim__text_files.zip,https://files.dicta.org.il/library-1-0/gelyonihashaszeraim/gelyonihashaszeraim__nikud_meteg_files.zip,gelyonihashaszeraim,Gelyoni haShas Zeraim,Rabbi Yosef Engil,Talmud and Commentaries,Vienna,,gelyonihashaszeraim,
https://files.dicta.org.il/library-1-0/ginzeyosef/ginzeyosef__ocr_data_html_files.zip,גנזי יוסף,1932,יוסף בלוך,ורשה,חסידות,ספריית דיקטה,https://files.dicta.org.il/library-1-0/ginzeyosef/ginzeyosef__text_files.zip,https://files.dicta.org.il/library-1-0/ginzeyosef/ginzeyosef__nikud_meteg_files.zip,ginzeyosef,Ginzei Yosef,Yosef Alter Epstein,Chassidut,Warsaw,,ginzeyosef,
https://files.dicta.org.il/library-1-0/gishmeibrachah/gishmeibrachah__ocr_data_html_files.zip,גשמי ברכה,1930,"אפשטיין, ברוך בן יחיאל מיכל הלוי",קרקוב (קארקא),"תנ""ך ומפרשיו",ספריית דיקטה,https://files.dicta.org.il/library-1-0/gishmeibrachah/gishmeibrachah__text_files.zip,https://files.dicta.org.il/library-1-0/gishmeibrachah/gishmeibrachah__nikud_meteg_files.zip,gishmeibrachah,Gishmei Brachah,Yechiel Michel ha-Levi Epstein,Tanakh and Commentaries,Krakow,,gishmeibrachah,
https://files.dicta.org.il/library-1-0/gulotiliyot/gulotiliyot__ocr_data_html_files.zip,גלות עליות,1887,דב בער בן שמעון ליפשיץ ,ורשה,"ספרות חז""ל",ספריית דיקטה,https://files.dicta.org.il/library-1-0/gulotiliyot/gulotiliyot__text_files.zip,https://files.dicta.org.il/library-1-0/gulotiliyot/gulotiliyot__nikud_meteg_files.zip,gulotiliyot,Gulot iliyot,"Lifshits, Dov Ber ben Shimon",Rabbinic Literature,Warsaw,,gulotiliyot,
https://files.dicta.org.il/library-1-0/haotzermesepureitzadikim/haotzermesepureitzadikim__ocr_data_html_files.zip,האוצר מספורי צדיקים,1937,ר' אברהם יצחק סובלמן,ורשה,כללי,ספריית דיקטה,https://files.dicta.org.il/library-1-0/haotzermesepureitzadikim/haotzermesepureitzadikim__text_files.zip,https://files.dicta.org.il/library-1-0/haotzermesepureitzadikim/haotzermesepureitzadikim__nikud_meteg_files.zip,haotzermesepureitzadikim,HaOtzer meSepurei Tzadikim,Rabbi Abraham itzchak Sobelman,General Topics,Warsaw,,haotzermesepureitzadikim,
https://files.dicta.org.il/library-1-0/harshefer/harshefer__ocr_data_html_files.zip,הר שפר,1923,שמואל פירר,ברדיצ'ב,תלמוד ומפרשיו,ספריית דיקטה,https://files.dicta.org.il/library-1-0/harshefer/harshefer__text_files.zip,https://files.dicta.org.il/library-1-0/harshefer/harshefer__nikud_meteg_files.zip,harshefer,Har Shefer,Rabbi Shmuel Firer,Talmud and Commentaries,Berdychiv,,harshefer,
https://files.dicta.org.il/library-1-0/hassagotrezahbaaleihanefesh/hassagotrezahbaaleihanefesh__ocr_data_html_files.zip,"השגות הרז""ה על בעלי הנפש",1912,זרחיה הלוי מגירונה,וילנה,הלכה ומנהג,ספריית דיקטה,https://files.dicta.org.il/library-1-0/hassagotrezahbaaleihanefesh/hassagotrezahbaaleihanefesh__text_files.zip,https://files.dicta.org.il/library-1-0/hassagotrezahbaaleihanefesh/hassagotrezahbaaleihanefesh__nikud_meteg_files.zip,hassagotrezahbaaleihanefesh,Hassagot Rezah Ba’alei Ha-Nefesh,Zerachiah ben Isaac ha-Levi Gerondi,Halakha and Minhaggim,Vilna (Vilnius),,hassagotrezahbaaleihanefesh,
https://files.dicta.org.il/library-1-0/hayimvahesed1/hayimvahesed1__ocr_data_html_files.zip,חיים וחסד חלק א,1844,חיים יצחק בן אברהם מוספיה ,ליוורנו ,"שאלות ותשובות (שו""ת)",ספריית דיקטה,https://files.dicta.org.il/library-1-0/hayimvahesed1/hayimvahesed1__text_files.zip,https://files.dicta.org.il/library-1-0/hayimvahesed1/hayimvahesed1__nikud_meteg_files.zip,hayimvahesed1,Hayim va-hesed part 1,"Musafiya, Hayim Yitshak,",Responsa,Livorno (Leghorn),,hayimvahesed1,
https://files.dicta.org.il/library-1-0/helkeiavonim/helkeiavonim__ocr_data_html_files.zip,חלקי אבנים,1898,דוד בן אריה ליב לידא,פודגורזה,"תנ""ך ומפרשיו",ספריית דיקטה,https://files.dicta.org.il/library-1-0/helkeiavonim/helkeiavonim__text_files.zip,https://files.dicta.org.il/library-1-0/helkeiavonim/helkeiavonim__nikud_meteg_files.zip,helkeiavonim,Helkei Avonim,Rabbi David ben Aryeh Leib of Lida,Tanakh and Commentaries,Podgorze,,helkeiavonim,
https://files.dicta.org.il/library-1-0/hevelyosefhadreideah/hevelyosefhadreideah__ocr_data_html_files.zip,חבל יוסף (חדרי דעה),1882,יוסף זונדל בן חיים הוטנר ,ורשה,הלכה ומנהג,ספריית דיקטה,https://files.dicta.org.il/library-1-0/hevelyosefhadreideah/hevelyosefhadreideah__text_files.zip,https://files.dicta.org.il/library-1-0/hevelyosefhadreideah/hevelyosefhadreideah__nikud_meteg_files.zip,hevelyosefhadreideah,Hevel Yosef Hadrei Deah,Yosef Zundel ben Hayim Hutner,Halakha and Minhaggim,Warsaw,,hevelyosefhadreideah,
https://files.dicta.org.il/library-1-0/hevelyosefhukehaazara/hevelyosefhukehaazara__ocr_data_html_files.zip,חבל יוסף (חוקי העזרה),1880,יוסף זונדל בן חיים הוטנר ,ורשה,הלכה ומנהג,ספריית דיקטה,https://files.dicta.org.il/library-1-0/hevelyosefhukehaazara/hevelyosefhukehaazara__text_files.zip,https://files.dicta.org.il/library-1-0/hevelyosefhukehaazara/hevelyosefhukehaazara__nikud_meteg_files.zip,hevelyosefhukehaazara,Hevel Yosef Huke haAzara,Yosef Zundel ben Hayim Hutner,Halakha and Minhaggim,Warsaw,,hevelyosefhukehaazara,
https://files.dicta.org.il/library-1-0/hevelyosefolamhamisphat2/hevelyosefolamhamisphat2__ocr_data_html_files.zip,חבל יוסף (אולם המשפט) חלק ב,1880,יוסף זונדל בן חיים הוטנר ,ורשה,הלכה ומנהג,ספריית דיקטה,https://files.dicta.org.il/library-1-0/hevelyosefolamhamisphat2/hevelyosefolamhamisphat2__text_files.zip,https://files.dicta.org.il/library-1-0/hevelyosefolamhamisphat2/hevelyosefolamhamisphat2__nikud_meteg_files.zip,hevelyosefolamhamisphat2,Hevel Yosef Olam haMisphat part 2,Yosef Zundel ben Hayim Hutner,Halakha and Minhaggim,Warsaw,,hevelyosefolamhamisphat2,
https://files.dicta.org.il/library-1-0/hidusheiansheishem/hidusheiansheishem__ocr_data_html_files.zip,חידושי אנשי שם,1860,שלמה בן י-הודה אהרן קלוגר ,ליפציג,הלכה ומנהג,ספריית דיקטה,https://files.dicta.org.il/library-1-0/hidusheiansheishem/hidusheiansheishem__text_files.zip,https://files.dicta.org.il/library-1-0/hidusheiansheishem/hidusheiansheishem__nikud_meteg_files.zip,hidusheiansheishem,Hidushei Inshi Shem,Solomon ben Judah Aaron Kluger,Halakha and Minhaggim,Leipzig,,hidusheiansheishem,
https://files.dicta.org.il/library-1-0/hidusheimaharah1/hidusheimaharah1__ocr_data_html_files.zip,"חידושי מהרא""ך חלק א",1902,"אלעזר בן זאב וולף, הכהן",ורשה,הלכה ומנהג,ספריית דיקטה,https://files.dicta.org.il/library-1-0/hidusheimaharah1/hidusheimaharah1__text_files.zip,https://files.dicta.org.il/library-1-0/hidusheimaharah1/hidusheimaharah1__nikud_meteg_files.zip,hidusheimaharah1,Hidushei Maharah part 1,Elazer ben Zev Wolf haCohen,Halakha and Minhaggim,Warsaw,,hidusheimaharah1,
https://files.dicta.org.il/library-1-0/hidusheimaharah2/hidusheimaharah2__ocr_data_html_files.zip,"חידושי מהרא""ך חלק ב",1913,"אלעזר בן זאב וולף, הכהן",ורשה,הלכה ומנהג,ספריית דיקטה,https://files.dicta.org.il/library-1-0/hidusheimaharah2/hidusheimaharah2__text_files.zip,https://files.dicta.org.il/library-1-0/hidusheimaharah2/hidusheimaharah2__nikud_meteg_files.zip,hidusheimaharah2,Hidushei Maharah part 2,Elazer ben Zev Wolf haCohen,Halakha and Minhaggim,Warsaw,,hidusheimaharah2,
https://files.dicta.org.il/library-1-0/hidusheimaharuv/hidusheimaharuv__ocr_data_html_files.zip,"חידושי מהרי""ו וידקר",1936,יהושע וידרקר ,בילגוריי,הלכה ומנהג,ספריית דיקטה,https://files.dicta.org.il/library-1-0/hidusheimaharuv/hidusheimaharuv__text_files.zip,https://files.dicta.org.il/library-1-0/hidusheimaharuv/hidusheimaharuv__nikud_meteg_files.zip,hidusheimaharuv,Hidushei Maharuv,"Waiderker, Yehoshua",Halakha and Minhaggim,Bilgoraj,,hidusheimaharuv,
https://files.dicta.org.il/library-1-0/hintsedek/hintsedek__ocr_data_html_files.zip,הין צדק,1913,ר' מנחם מנדל שפירא,מונקאטש (מונקאץ'),דרשות ודרושים,ספריית דיקטה,https://files.dicta.org.il/library-1-0/hintsedek/hintsedek__text_files.zip,https://files.dicta.org.il/library-1-0/hintsedek/hintsedek__nikud_meteg_files.zip,hintsedek,Hin tsedek,"Shapira, Menahem Mendel ben Mosheh Yeshayah",Derashot (Homilies),Munkatch (Mukacheve),,hintsedek,
https://files.dicta.org.il/library-1-0/hitoorotteshuva3/hitoorotteshuva3__ocr_data_html_files.zip,התעוררות תשובה חלק ג,1928,"סופר, שמעון בן אברהם שמואל בנימין",בודפשט,"שאלות ותשובות (שו""ת)",ספריית דיקטה,https://files.dicta.org.il/library-1-0/hitoorotteshuva3/hitoorotteshuva3__text_files.zip,https://files.dicta.org.il/library-1-0/hitoorotteshuva3/hitoorotteshuva3__nikud_meteg_files.zip,hitoorotteshuva3,Hitoorot Teshuva part 3,Shimon Sofer,Responsa,Budapest,,hitoorotteshuva3,
https://files.dicta.org.il/library-1-0/hitoorotteshuva4/hitoorotteshuva4__ocr_data_html_files.zip,התעוררות תשובה חלק ד,1928,"סופר, שמעון בן אברהם שמואל בנימין",בודפשט,"שאלות ותשובות (שו""ת)",ספריית דיקטה,https://files.dicta.org.il/library-1-0/hitoorotteshuva4/hitoorotteshuva4__text_files.zip,https://files.dicta.org.il/library-1-0/hitoorotteshuva4/hitoorotteshuva4__nikud_meteg_files.zip,hitoorotteshuva4,Hitoorot Teshuva part 4,Shimon Sofer,Responsa,Budapest,,hitoorotteshuva4,
https://files.dicta.org.il/library-1-0/igleital/igleital__ocr_data_html_files.zip,אגלי טל,1905,רבי אברהם בורנשטיין,פיוטריקוב,הלכה ומנהג,ספריית דיקטה,https://files.dicta.org.il/library-1-0/igleital/igleital__text_files.zip,https://files.dicta.org.il/library-1-0/igleital/igleital__nikud_meteg_files.zip,igleital,Iglei Tal,Rabbi Abraham Bornstein,Halakha and Minhaggim,Piotrków,,igleital,
https://files.dicta.org.il/library-1-0/ilmanahrabbati/ilmanahrabbati__ocr_data_html_files.zip,אילימה,1881,ר' משה קורדוברו,למברג (לבוב),קבלה,ספריית דיקטה,https://files.dicta.org.il/library-1-0/ilmanahrabbati/ilmanahrabbati__text_files.zip,https://files.dicta.org.il/library-1-0/ilmanahrabbati/ilmanahrabbati__nikud_meteg_files.zip,ilmanahrabbati,Ilmanah Rabbati,Moshe Kordovero,Kabbala,Lemberg (Lvov),,ilmanahrabbati,
https://files.dicta.org.il/library-1-0/imreiyosher1/imreiyosher1__ocr_data_html_files.zip,אמרי יושר חלק א,1913,רבי מאיר אריק,מונקאטש (מונקאץ'),"שאלות ותשובות (שו""ת)",ספריית דיקטה,https://files.dicta.org.il/library-1-0/imreiyosher1/imreiyosher1__text_files.zip,https://files.dicta.org.il/library-1-0/imreiyosher1/imreiyosher1__nikud_meteg_files.zip,imreiyosher1,Imrei Yosher part 1,Meir Arik,Responsa,Munkatch (Mukacheve),,imreiyosher1,
https://files.dicta.org.il/library-1-0/imreiyosher2/imreiyosher2__ocr_data_html_files.zip,אמרי יושר חלק ב,1925,רבי מאיר אריק,קרקוב (קארקא),"שאלות ותשובות (שו""ת)",ספריית דיקטה,https://files.dicta.org.il/library-1-0/imreiyosher2/imreiyosher2__text_files.zip,https://files.dicta.org.il/library-1-0/imreiyosher2/imreiyosher2__nikud_meteg_files.zip,imreiyosher2,Imrei Yosher part 2,Meir Arik,Responsa,Krakow,,imreiyosher2,
https://files.dicta.org.il/library-1-0/kappeiaharonbneiyosef/kappeiaharonbneiyosef__ocr_data_html_files.zip,בני יוסף (קריו),1890,"קריו, יוסף יהושע בן דוד אברהם",ירושלים,"שאלות ותשובות (שו""ת)",ספריית דיקטה,https://files.dicta.org.il/library-1-0/kappeiaharonbneiyosef/kappeiaharonbneiyosef__text_files.zip,https://files.dicta.org.il/library-1-0/kappeiaharonbneiyosef/kappeiaharonbneiyosef__nikud_meteg_files.zip,kappeiaharonbneiyosef,bnei yosef (Kario),Yosef Yehoshua Kario,Responsa,Jerusalem,,kappeiaharonbneiyosef,
https://files.dicta.org.il/library-1-0/karneireim/karneireim__ocr_data_html_files.zip,"קרני רא""ם",1910,רפאל אנקווה,ירושלים,"שאלות ותשובות (שו""ת)",ספריית דיקטה,https://files.dicta.org.il/library-1-0/karneireim/karneireim__text_files.zip,https://files.dicta.org.il/library-1-0/karneireim/karneireim__nikud_meteg_files.zip,karneireim,Karne reem,Raphael Ben Mordechai Ankawa,Responsa,Jerusalem,,karneireim,
https://files.dicta.org.il/library-1-0/kedushatyomtov/kedushatyomtov__ocr_data_html_files.zip,קדושת יום טוב (ליפמן),1866,יום טוב ליפמן הלפרין,וילנה,"רמב""ם ומפרשיו",ספריית דיקטה,https://files.dicta.org.il/library-1-0/kedushatyomtov/kedushatyomtov__text_files.zip,https://files.dicta.org.il/library-1-0/kedushatyomtov/kedushatyomtov__nikud_meteg_files.zip,kedushatyomtov,Kedushat Yom Tov (Lipman),"Halperin, Yom Tov Lipman",Rambam ,Vilna (Vilnius),,kedushatyomtov,
https://files.dicta.org.il/library-1-0/kehilatyaakovbruchin1/kehilatyaakovbruchin1__ocr_data_html_files.zip,קהלת יעקב (ברוכין),1847,יעקב בן אהרן ברוכין ,וילנה,"שאלות ותשובות (שו""ת)",ספריית דיקטה,https://files.dicta.org.il/library-1-0/kehilatyaakovbruchin1/kehilatyaakovbruchin1__text_files.zip,https://files.dicta.org.il/library-1-0/kehilatyaakovbruchin1/kehilatyaakovbruchin1__nikud_meteg_files.zip,kehilatyaakovbruchin1,Kehilat Yaakov Bruchin,"Bruchin, Yaakov",Responsa,Vilna (Vilnius),,kehilatyaakovbruchin1,
https://files.dicta.org.il/library-1-0/kesefnivchar1/kesefnivchar1__ocr_data_html_files.zip,כסף נבחר חלק א,1895,הרב ברוך בנדיט גויטיין,לבוב,הלכה ומנהג,ספריית דיקטה,https://files.dicta.org.il/library-1-0/kesefnivchar1/kesefnivchar1__text_files.zip,https://files.dicta.org.il/library-1-0/kesefnivchar1/kesefnivchar1__nikud_meteg_files.zip,kesefnivchar1,Kesef Nivchar part 1,Rabbi Baruch Bendit Goitein,Halakha and Minhaggim,Lʹviv,,kesefnivchar1,
https://files.dicta.org.il/library-1-0/kesefnivchar2/kesefnivchar2__ocr_data_html_files.zip,כסף נבחר חלק ב,1895,הרב ברוך בנדיט גויטיין,לבוב,הלכה ומנהג,ספריית דיקטה,https://files.dicta.org.il/library-1-0/kesefnivchar2/kesefnivchar2__text_files.zip,https://files.dicta.org.il/library-1-0/kesefnivchar2/kesefnivchar2__nikud_meteg_files.zip,kesefnivchar2,Kesef Nivchar part 2,Rabbi Baruch Bendit Goitein,Halakha and Minhaggim,Lʹviv,,kesefnivchar2,
https://files.dicta.org.il/library-1-0/kesefnivchar3/kesefnivchar3__ocr_data_html_files.zip,כסף נבחר חלק ג,1895,הרב ברוך בנדיט גויטיין,לבוב,הלכה ומנהג,ספריית דיקטה,https://files.dicta.org.il/library-1-0/kesefnivchar3/kesefnivchar3__text_files.zip,https://files.dicta.org.il/library-1-0/kesefnivchar3/kesefnivchar3__nikud_meteg_files.zip,kesefnivchar3,Kesef Nivchar part 3,Rabbi Baruch Bendit Goitein,Halakha and Minhaggim,Lʹviv,,kesefnivchar3,
https://files.dicta.org.il/library-1-0/ketavsoferchullin/ketavsoferchullin__ocr_data_html_files.zip,כתב סופר גיטין חולין,1896,אברהם שמואל בנימין סופר,מונקאטש (מונקאץ'),תלמוד ומפרשיו,ספריית דיקטה,https://files.dicta.org.il/library-1-0/ketavsoferchullin/ketavsoferchullin__text_files.zip,https://files.dicta.org.il/library-1-0/ketavsoferchullin/ketavsoferchullin__nikud_meteg_files.zip,ketavsoferchullin,Ketav Sofer Chullin,Avraham Shmuel Binyamin Sofer,Talmud and Commentaries,Munkatch (Mukacheve),,ketavsoferchullin,
https://files.dicta.org.il/library-1-0/ketavsofergittin1/ketavsofergittin1__ocr_data_html_files.zip,כתב סופר גיטין חלק א,1896,אברהם שמואל בנימין סופר,מונקאטש (מונקאץ'),תלמוד ומפרשיו,ספריית דיקטה,https://files.dicta.org.il/library-1-0/ketavsofergittin1/ketavsofergittin1__text_files.zip,https://files.dicta.org.il/library-1-0/ketavsofergittin1/ketavsofergittin1__nikud_meteg_files.zip,ketavsofergittin1,Ketav Sofer Gittin part 1,Avraham Shmuel Binyamin Sofer,Talmud and Commentaries,Munkatch (Mukacheve),,ketavsofergittin1,
https://files.dicta.org.il/library-1-0/ketavsofergittin2/ketavsofergittin2__ocr_data_html_files.zip,כתב סופר גיטין חלק ב,1897,אברהם שמואל בנימין סופר,מונקאטש (מונקאץ'),תלמוד ומפרשיו,ספריית דיקטה,https://files.dicta.org.il/library-1-0/ketavsofergittin2/ketavsofergittin2__text_files.zip,https://files.dicta.org.il/library-1-0/ketavsofergittin2/ketavsofergittin2__nikud_meteg_files.zip,ketavsofergittin2,Ketav Sofer Gittin part 2,Avraham Shmuel Binyamin Sofer,Talmud and Commentaries,Munkatch (Mukacheve),,ketavsofergittin2,
https://files.dicta.org.il/library-1-0/kolharamazkodashim/kolharamazkodashim__ocr_data_html_files.zip,"קול הרמ""ז קדשים",1879,"זכות, משה בן מרדכי",ורשה,"ספרות חז""ל",ספריית דיקטה,https://files.dicta.org.il/library-1-0/kolharamazkodashim/kolharamazkodashim__text_files.zip,https://files.dicta.org.il/library-1-0/kolharamazkodashim/kolharamazkodashim__nikud_meteg_files.zip,kolharamazkodashim,Kol Haramaz Kodashim,Moses ben Mordecai Zacuto,Rabbinic Literature,Warsaw,,kolharamazkodashim,
https://files.dicta.org.il/library-1-0/kolharamazmoed/kolharamazmoed__ocr_data_html_files.zip,"קול הרמ""ז מועד",1879,"זכות, משה בן מרדכי",ורשה,"ספרות חז""ל",ספריית דיקטה,https://files.dicta.org.il/library-1-0/kolharamazmoed/kolharamazmoed__text_files.zip,https://files.dicta.org.il/library-1-0/kolharamazmoed/kolharamazmoed__nikud_meteg_files.zip,kolharamazmoed,Kol Haramaz Moed,Moses ben Mordecai Zacuto,Rabbinic Literature,Warsaw,,kolharamazmoed,
https://files.dicta.org.il/library-1-0/kolharamaznashim/kolharamaznashim__ocr_data_html_files.zip,"קול הרמ""ז נשים",1879,"זכות, משה בן מרדכי",ורשה,"ספרות חז""ל",ספריית דיקטה,https://files.dicta.org.il/library-1-0/kolharamaznashim/kolharamaznashim__text_files.zip,https://files.dicta.org.il/library-1-0/kolharamaznashim/kolharamaznashim__nikud_meteg_files.zip,kolharamaznashim,Kol Haramaz Nashim,Moses ben Mordecai Zacuto,Rabbinic Literature,Warsaw,,kolharamaznashim,
https://files.dicta.org.il/library-1-0/kolharamaznezikin/kolharamaznezikin__ocr_data_html_files.zip,"קול הרמ""ז נזקין",1879,"זכות, משה בן מרדכי",ורשה,"ספרות חז""ל",ספריית דיקטה,https://files.dicta.org.il/library-1-0/kolharamaznezikin/kolharamaznezikin__text_files.zip,https://files.dicta.org.il/library-1-0/kolharamaznezikin/kolharamaznezikin__nikud_meteg_files.zip,kolharamaznezikin,Kol Haramaz Nezikin,Moses ben Mordecai Zacuto,Rabbinic Literature,Warsaw,,kolharamaznezikin,
https://files.dicta.org.il/library-1-0/kolharamazzeraim/kolharamazzeraim__ocr_data_html_files.zip,"קול הרמ""ז זרעים",1879,"זכות, משה בן מרדכי",ורשה,"ספרות חז""ל",ספריית דיקטה,https://files.dicta.org.il/library-1-0/kolharamazzeraim/kolharamazzeraim__text_files.zip,https://files.dicta.org.il/library-1-0/kolharamazzeraim/kolharamazzeraim__nikud_meteg_files.zip,kolharamazzeraim,Kol Haramaz Zeraim,Moses ben Mordecai Zacuto,Rabbinic Literature,Warsaw,,kolharamazzeraim,
https://files.dicta.org.il/library-1-0/koshayeshuot/koshayeshuot__ocr_data_html_files.zip,כוס הישועות,1904,"שמואל שאטין כ""ץ",קרקוב (קארקא),תלמוד ומפרשיו,ספריית דיקטה,https://files.dicta.org.il/library-1-0/koshayeshuot/koshayeshuot__text_files.zip,https://files.dicta.org.il/library-1-0/koshayeshuot/koshayeshuot__nikud_meteg_files.zip,koshayeshuot,Kos haYeshuot,Shmuel Schotten HaCohen,Talmud and Commentaries,Krakow,,koshayeshuot,
https://files.dicta.org.il/library-1-0/lechemrav/lechemrav__ocr_data_html_files.zip,"לחם רב (ל""לחם משנה"")",1884,"אברהם ב""ר משה די בוטון",קרקוב (קארקא),"שאלות ותשובות (שו""ת)",ספריית דיקטה,https://files.dicta.org.il/library-1-0/lechemrav/lechemrav__text_files.zip,https://files.dicta.org.il/library-1-0/lechemrav/lechemrav__nikud_meteg_files.zip,lechemrav,Lechem Rav,"De Button, Avraham",Responsa,Krakow,,lechemrav,
https://files.dicta.org.il/library-1-0/lekuteiheberbenchaim1/lekuteiheberbenchaim1__ocr_data_html_files.zip,ליקוטי חבר בן חיים א,1878,ר' חזקיה פיבל פלויט,ברטיסלבה (פרשבורג),שונות,ספריית דיקטה,https://files.dicta.org.il/library-1-0/lekuteiheberbenchaim1/lekuteiheberbenchaim1__text_files.zip,https://files.dicta.org.il/library-1-0/lekuteiheberbenchaim1/lekuteiheberbenchaim1__nikud_meteg_files.zip,lekuteiheberbenchaim1,Lekutei Heber ben Chaim part 1,Chezkiah Feivel Plaut,Miscellaneous,Bratislava (Pressburg),,lekuteiheberbenchaim1,
https://files.dicta.org.il/library-1-0/lekuteiheberbenchaim3/lekuteiheberbenchaim3__ocr_data_html_files.zip,ליקוטי חבר בן חיים ג,1878,ר' חזקיה פיבל פלויט,ברטיסלבה (פרשבורג),שונות,ספריית דיקטה,https://files.dicta.org.il/library-1-0/lekuteiheberbenchaim3/lekuteiheberbenchaim3__text_files.zip,https://files.dicta.org.il/library-1-0/lekuteiheberbenchaim3/lekuteiheberbenchaim3__nikud_meteg_files.zip,lekuteiheberbenchaim3,Lekutei Heber ben Chaim part 3,Chezkiah Feivel Plaut,Miscellaneous,Bratislava (Pressburg),,lekuteiheberbenchaim3,
https://files.dicta.org.il/library-1-0/lekuteiheberbenchaim4/lekuteiheberbenchaim4__ocr_data_html_files.zip,ליקוטי חבר בן חיים ד,1881,ר' חזקיה פיבל פלויט,ברטיסלבה (פרשבורג),שונות,ספריית דיקטה,https://files.dicta.org.il/library-1-0/lekuteiheberbenchaim4/lekuteiheberbenchaim4__text_files.zip,https://files.dicta.org.il/library-1-0/lekuteiheberbenchaim4/lekuteiheberbenchaim4__nikud_meteg_files.zip,lekuteiheberbenchaim4,Lekutei Heber ben Chaim part 4,Chezkiah Feivel Plaut,Miscellaneous,Bratislava (Pressburg),,lekuteiheberbenchaim4,
https://files.dicta.org.il/library-1-0/lekuteiheberbenchaim7/lekuteiheberbenchaim7__ocr_data_html_files.zip,ליקוטי חבר בן חיים ז,1887,חזקיה פיבל פלויט,פקש,שונות,ספריית דיקטה,https://files.dicta.org.il/library-1-0/lekuteiheberbenchaim7/lekuteiheberbenchaim7__text_files.zip,https://files.dicta.org.il/library-1-0/lekuteiheberbenchaim7/lekuteiheberbenchaim7__nikud_meteg_files.zip,lekuteiheberbenchaim7,Lekutei Heber Ben Chaim part 7,Chezkiah Feivel Plaut ,Miscellaneous,Paks,,lekuteiheberbenchaim7,
https://files.dicta.org.il/library-1-0/lekuteiheberbenchaim8/lekuteiheberbenchaim8__ocr_data_html_files.zip,ליקוטי חבר בן חיים ח,1888,חזקיה פיבל פלויט,פקש,שונות,ספריית דיקטה,https://files.dicta.org.il/library-1-0/lekuteiheberbenchaim8/lekuteiheberbenchaim8__text_files.zip,https://files.dicta.org.il/library-1-0/lekuteiheberbenchaim8/lekuteiheberbenchaim8__nikud_meteg_files.zip,lekuteiheberbenchaim8,Lekutei Heber Ben Chaim part 8,Chezkiah Feivel Plaut ,Miscellaneous,Paks,,lekuteiheberbenchaim8,
https://files.dicta.org.il/library-1-0/levhayim2/levhayim2__ocr_data_html_files.zip,לב חיים פלג'י חלק ב,1869,"פלג’י, חיים בן יעקב",איזמיר,"שאלות ותשובות (שו""ת)",ספריית דיקטה,https://files.dicta.org.il/library-1-0/levhayim2/levhayim2__text_files.zip,https://files.dicta.org.il/library-1-0/levhayim2/levhayim2__nikud_meteg_files.zip,levhayim2,Lev Hayim part 2,"Palache, Hayyim,",Responsa,Izmir,,levhayim2,
https://files.dicta.org.il/library-1-0/levushemordekhaichoshenmishpat/levushemordekhaichoshenmishpat__ocr_data_html_files.zip,לבושי מרדכי על חושן משפט,1913,רבי יהודה נפתלי וינקלר,טולצ'ה,"שאלות ותשובות (שו""ת)",ספריית דיקטה,https://files.dicta.org.il/library-1-0/levushemordekhaichoshenmishpat/levushemordekhaichoshenmishpat__text_files.zip,https://files.dicta.org.il/library-1-0/levushemordekhaichoshenmishpat/levushemordekhaichoshenmishpat__nikud_meteg_files.zip,levushemordekhaichoshenmishpat,Levushe Mordekhai Choshen Mishpat,Rabbi yehuda naftali Winkler,Responsa,Tulcea,,levushemordekhaichoshenmishpat,
https://files.dicta.org.il/library-1-0/levushemordekhaichoshenmishpattanina/levushemordekhaichoshenmishpattanina__ocr_data_html_files.zip,לבושי מרדכי על חושן משפט מהדורא תנינא,1912,רבי יהודה נפתלי וינקלר,טולצ'ה,"שאלות ותשובות (שו""ת)",ספריית דיקטה,https://files.dicta.org.il/library-1-0/levushemordekhaichoshenmishpattanina/levushemordekhaichoshenmishpattanina__text_files.zip,https://files.dicta.org.il/library-1-0/levushemordekhaichoshenmishpattanina/levushemordekhaichoshenmishpattanina__nikud_meteg_files.zip,levushemordekhaichoshenmishpattanina,Levushe Mordekhai Choshen Mishpat tanina,Rabbi yehuda naftali Winkler,Responsa,Tulcea,,levushemordekhaichoshenmishpattanina,
https://files.dicta.org.il/library-1-0/levushemordekhaievenhaezertanina/levushemordekhaievenhaezertanina__ocr_data_html_files.zip,לבושי מרדכי על אבן העזר מהדורא תנינא,1913,רבי יהודה נפתלי וינקלר,טולצ'ה,"שאלות ותשובות (שו""ת)",ספריית דיקטה,https://files.dicta.org.il/library-1-0/levushemordekhaievenhaezertanina/levushemordekhaievenhaezertanina__text_files.zip,https://files.dicta.org.il/library-1-0/levushemordekhaievenhaezertanina/levushemordekhaievenhaezertanina__nikud_meteg_files.zip,levushemordekhaievenhaezertanina,Levushe Mordekhai Even Haezer  tanina,Rabbi yehuda naftali Winkler,Responsa,Tulcea,,levushemordekhaievenhaezertanina,
https://files.dicta.org.il/library-1-0/levushemordekhaiorachchaim/levushemordekhaiorachchaim__ocr_data_html_files.zip,לבושי מרדכי על אורח חיים,1913,רבי יהודה נפתלי וינקלר,בודפשט,"שאלות ותשובות (שו""ת)",ספריית דיקטה,https://files.dicta.org.il/library-1-0/levushemordekhaiorachchaim/levushemordekhaiorachchaim__text_files.zip,https://files.dicta.org.il/library-1-0/levushemordekhaiorachchaim/levushemordekhaiorachchaim__nikud_meteg_files.zip,levushemordekhaiorachchaim,Levushe Mordekhai Orach Chaim,Rabbi yehuda naftali Winkler,Responsa,Budapest,,levushemordekhaiorachchaim,
https://files.dicta.org.il/library-1-0/levushemordekhaiorachchaimtalitai/levushemordekhaiorachchaimtalitai__ocr_data_html_files.zip,לבושי מרדכי על אורח חיים מהדורא תליתאי,1912,רבי יהודה נפתלי וינקלר,טולצ'ה,"שאלות ותשובות (שו""ת)",ספריית דיקטה,https://files.dicta.org.il/library-1-0/levushemordekhaiorachchaimtalitai/levushemordekhaiorachchaimtalitai__text_files.zip,https://files.dicta.org.il/library-1-0/levushemordekhaiorachchaimtalitai/levushemordekhaiorachchaimtalitai__nikud_meteg_files.zip,levushemordekhaiorachchaimtalitai,Levushe Mordekhai Orach Chaim talitai,Rabbi yehuda naftali Winkler,Responsa,Tulcea,,levushemordekhaiorachchaimtalitai,
https://files.dicta.org.il/library-1-0/levushemordekhaiorachchaimtanina/levushemordekhaiorachchaimtanina__ocr_data_html_files.zip,לבושי מרדכי על אורח חיים מהדורא תנינא,1912,רבי יהודה נפתלי וינקלר,טולצ'ה,"שאלות ותשובות (שו""ת)",ספריית דיקטה,https://files.dicta.org.il/library-1-0/levushemordekhaiorachchaimtanina/levushemordekhaiorachchaimtanina__text_files.zip,https://files.dicta.org.il/library-1-0/levushemordekhaiorachchaimtanina/levushemordekhaiorachchaimtanina__nikud_meteg_files.zip,levushemordekhaiorachchaimtanina,Levushe Mordekhai Orach Chaim tanina,Rabbi yehuda naftali Winkler,Responsa,Tulcea,,levushemordekhaiorachchaimtanina,
https://files.dicta.org.il/library-1-0/levushemordekhaiyorehdeah/levushemordekhaiyorehdeah__ocr_data_html_files.zip,לבושי מרדכי על יורה דעה,1913,רבי יהודה נפתלי וינקלר,בודפשט,"שאלות ותשובות (שו""ת)",ספריית דיקטה,https://files.dicta.org.il/library-1-0/levushemordekhaiyorehdeah/levushemordekhaiyorehdeah__text_files.zip,https://files.dicta.org.il/library-1-0/levushemordekhaiyorehdeah/levushemordekhaiyorehdeah__nikud_meteg_files.zip,levushemordekhaiyorehdeah,Levushe Mordekhai Yoreh Deah,Rabbi yehuda naftali Winkler,Responsa,Budapest,,levushemordekhaiyorehdeah,
https://files.dicta.org.il/library-1-0/levushemordekhaiyorehdeahtalitai/levushemordekhaiyorehdeahtalitai__ocr_data_html_files.zip,לבושי מרדכי על יורה דעה מהדורא תליתאי,1913,רבי יהודה נפתלי וינקלר,טולצ'ה,"שאלות ותשובות (שו""ת)",ספריית דיקטה,https://files.dicta.org.il/library-1-0/levushemordekhaiyorehdeahtalitai/levushemordekhaiyorehdeahtalitai__text_files.zip,https://files.dicta.org.il/library-1-0/levushemordekhaiyorehdeahtalitai/levushemordekhaiyorehdeahtalitai__nikud_meteg_files.zip,levushemordekhaiyorehdeahtalitai,Levushe Mordekhai Yoreh Deah talitai,Rabbi yehuda naftali Winkler,Responsa,Tulcea,,levushemordekhaiyorehdeahtalitai,
https://files.dicta.org.il/library-1-0/levushemordekhaiyorehdeahtanina/levushemordekhaiyorehdeahtanina__ocr_data_html_files.zip,לבושי מרדכי על יורה דעה מהדורא תנינא,1913,רבי יהודה נפתלי וינקלר,טולצ'ה,"שאלות ותשובות (שו""ת)",ספריית דיקטה,https://files.dicta.org.il/library-1-0/levushemordekhaiyorehdeahtanina/levushemordekhaiyorehdeahtanina__text_files.zip,https://files.dicta.org.il/library-1-0/levushemordekhaiyorehdeahtanina/levushemordekhaiyorehdeahtanina__nikud_meteg_files.zip,levushemordekhaiyorehdeahtanina,Levushe Mordekhai Yoreh Deah tanina,Rabbi yehuda naftali Winkler,Responsa,Tulcea,,levushemordekhaiyorehdeahtanina,
https://files.dicta.org.il/library-1-0/lifelagotreuven5/lifelagotreuven5__ocr_data_html_files.zip,לפלגות ראובן חלק ה,1932,זליג ראובן בן צבי הירש בנגיס ,קידן (קדאינאי),שונות,ספריית דיקטה,https://files.dicta.org.il/library-1-0/lifelagotreuven5/lifelagotreuven5__text_files.zip,https://files.dicta.org.il/library-1-0/lifelagotreuven5/lifelagotreuven5__nikud_meteg_files.zip,lifelagotreuven5,Li-felagot Reuven part 5,Zelig Reuven Bengis,Miscellaneous,Kiedany (Kedainai),,lifelagotreuven5,
https://files.dicta.org.il/library-1-0/lifelagotreuven7/lifelagotreuven7__ocr_data_html_files.zip,לפלגות ראובן חלק ז,1950,זליג ראובן בן צבי הירש בנגיס ,ירושלים,שונות,ספריית דיקטה,https://files.dicta.org.il/library-1-0/lifelagotreuven7/lifelagotreuven7__text_files.zip,https://files.dicta.org.il/library-1-0/lifelagotreuven7/lifelagotreuven7__nikud_meteg_files.zip,lifelagotreuven7,Li-felagot Reuven part 7,Zelig Reuven Bengis,Miscellaneous,Jerusalem,,lifelagotreuven7,
https://files.dicta.org.il/library-1-0/liliyeshuahshas/liliyeshuahshas__ocr_data_html_files.zip,"לי לישועה (על הש""ס)",1883,ישועה הלוי,ירושלים,תלמוד ומפרשיו,ספריית דיקטה,https://files.dicta.org.il/library-1-0/liliyeshuahshas/liliyeshuahshas__text_files.zip,https://files.dicta.org.il/library-1-0/liliyeshuahshas/liliyeshuahshas__nikud_meteg_files.zip,liliyeshuahshas,Li Li-Yeshu’ah (SHAS),Yishaya Halevi,Talmud and Commentaries,Jerusalem,,liliyeshuahshas,
https://files.dicta.org.il/library-1-0/liliyeshuahshulchanaruch/liliyeshuahshulchanaruch__ocr_data_html_files.zip,"לי לישועה (על השו""ע)",1883,ישועה הלוי,ירושלים,הלכה ומנהג,ספריית דיקטה,https://files.dicta.org.il/library-1-0/liliyeshuahshulchanaruch/liliyeshuahshulchanaruch__text_files.zip,https://files.dicta.org.il/library-1-0/liliyeshuahshulchanaruch/liliyeshuahshulchanaruch__nikud_meteg_files.zip,liliyeshuahshulchanaruch,Li Li-Yeshu’ah (Shulchan Aruch),Yishaya Halevi,Halakha and Minhaggim,Jerusalem,,liliyeshuahshulchanaruch,
https://files.dicta.org.il/library-1-0/liliyeshuahtanach/liliyeshuahtanach__ocr_data_html_files.zip,"לי לישועה (על התנ""ך)",1883,ישועה הלוי,ירושלים,"תנ""ך ומפרשיו",ספריית דיקטה,https://files.dicta.org.il/library-1-0/liliyeshuahtanach/liliyeshuahtanach__text_files.zip,https://files.dicta.org.il/library-1-0/liliyeshuahtanach/liliyeshuahtanach__nikud_meteg_files.zip,liliyeshuahtanach,Li Li-Yeshu’ah (Tanach),Yishaya Halevi,Tanakh and Commentaries,Jerusalem,,liliyeshuahtanach,
https://files.dicta.org.il/library-1-0/luaherezhachdash/luaherezhachdash__ocr_data_html_files.zip,לוח ארז החדש,1915,יצחק בן אליעזר ליפמן קונשטט ,וינה,"תנ""ך ומפרשיו",ספריית דיקטה,https://files.dicta.org.il/library-1-0/luaherezhachdash/luaherezhachdash__text_files.zip,https://files.dicta.org.il/library-1-0/luaherezhachdash/luaherezhachdash__nikud_meteg_files.zip,luaherezhachdash,Luah erez hachdash,Isaac ben Eliezer Lipman Kunstadt,Tanakh and Commentaries,Vienna,,luaherezhachdash,
https://files.dicta.org.il/library-1-0/magenavot2/magenavot2__ocr_data_html_files.zip,מגן אבות חלק ב,1902,שלמה זלמן שניאורסון ,ברדיצ'ב,חסידות,ספריית דיקטה,https://files.dicta.org.il/library-1-0/magenavot2/magenavot2__text_files.zip,https://files.dicta.org.il/library-1-0/magenavot2/magenavot2__nikud_meteg_files.zip,magenavot2,Magen Avot part 2,Shlomo Zalman Schneirson,Chassidut,Berdychiv,,magenavot2,
https://files.dicta.org.il/library-1-0/maharamlublin/maharamlublin__ocr_data_html_files.zip,"מהר""ם לובלין",1881,מאיר מלובלין,ורשה,"שאלות ותשובות (שו""ת)",ספריית דיקטה,https://files.dicta.org.il/library-1-0/maharamlublin/maharamlublin__text_files.zip,https://files.dicta.org.il/library-1-0/maharamlublin/maharamlublin__nikud_meteg_files.zip,maharamlublin_EGT,Maharam Lublin,Meir Lublin,Responsa,Warsaw,,maharamlublin,
https://files.dicta.org.il/library-1-0/maharamshicktorah/maharamshicktorah__ocr_data_html_files.zip,"מהר""ם שיק על התורה",1905,רבי משה שיק,מונקאטש (מונקאץ'),"תנ""ך ומפרשיו",ספריית דיקטה,https://files.dicta.org.il/library-1-0/maharamshicktorah/maharamshicktorah__text_files.zip,https://files.dicta.org.il/library-1-0/maharamshicktorah/maharamshicktorah__nikud_meteg_files.zip,maharamshicktorah,Maharam Shik Torah,"Shik, Moshe",Tanakh and Commentaries,Munkatch (Mukacheve),,maharamshicktorah,
https://files.dicta.org.il/library-1-0/maharashresponsa6/maharashresponsa6__ocr_data_html_files.zip,"שו""ת מהר""ש ו",1938,שמואל אנגל,ברדיצ'ב,"שאלות ותשובות (שו""ת)",ספריית דיקטה,https://files.dicta.org.il/library-1-0/maharashresponsa6/maharashresponsa6__text_files.zip,https://files.dicta.org.il/library-1-0/maharashresponsa6/maharashresponsa6__nikud_meteg_files.zip,maharashresponsa6,Maharash responsa part 6,Shmuel Engel,Responsa,Berdychiv,,maharashresponsa6,
https://files.dicta.org.il/library-1-0/maharitalgazihilchotbekhorotvechallah/maharitalgazihilchotbekhorotvechallah__ocr_data_html_files.zip,מהרי”ט אלגאזי על בכורות וחלה,1866,יום-טוב אלגאזי,וילנה,תלמוד ומפרשיו,ספריית דיקטה,https://files.dicta.org.il/library-1-0/maharitalgazihilchotbekhorotvechallah/maharitalgazihilchotbekhorotvechallah__text_files.zip,https://files.dicta.org.il/library-1-0/maharitalgazihilchotbekhorotvechallah/maharitalgazihilchotbekhorotvechallah__nikud_meteg_files.zip,maharitalgazihilchotbekhorotvechallah,Maharit Algazi (Bechorot ve Challah),rabbi Yom Tov Algazi,Talmud and Commentaries,Vilna (Vilnius),,maharitalgazihilchotbekhorotvechallah,
https://files.dicta.org.il/library-1-0/marheshet1/marheshet1__ocr_data_html_files.zip,מרחשת חלק א,1931,חנוך אייגש,בילגוריי,"שאלות ותשובות (שו""ת)",ספריית דיקטה,https://files.dicta.org.il/library-1-0/marheshet1/marheshet1__text_files.zip,https://files.dicta.org.il/library-1-0/marheshet1/marheshet1__nikud_meteg_files.zip,marheshet1,Marcheshet part 1,Hanokh Henikh Aigeś,Responsa,Bilgoraj,,marheshet1,
https://files.dicta.org.il/library-1-0/mekorchayim1/mekorchayim1__ocr_data_html_files.zip,מקור חיים - א,1878,חיים הכהן,פיוטריקוב,הלכה ומנהג,ספריית דיקטה,https://files.dicta.org.il/library-1-0/mekorchayim1/mekorchayim1__text_files.zip,https://files.dicta.org.il/library-1-0/mekorchayim1/mekorchayim1__nikud_meteg_files.zip,mekorchayim1,Mekor Chayim - 1,Chaim ben Avraham haCohen miAram Tzovah,Halakha and Minhaggim,Piotrków,,mekorchayim1,
https://files.dicta.org.il/library-1-0/meloharoyim2/meloharoyim2__ocr_data_html_files.zip,מלא הרועים  חלק ב,1880,"יולס, יעקב צבי בן נפתלי",ורשה,תלמוד ומפרשיו,ספריית דיקטה,https://files.dicta.org.il/library-1-0/meloharoyim2/meloharoyim2__text_files.zip,https://files.dicta.org.il/library-1-0/meloharoyim2/meloharoyim2__nikud_meteg_files.zip,meloharoyim2,Melo ha-Royim part 2,Yaakov Tzvi Yalis,Talmud and Commentaries,Warsaw,,meloharoyim2,
https://files.dicta.org.il/library-1-0/meorotnatan/meorotnatan__ocr_data_html_files.zip,מאורות נתן,1903,"בורג'ל, נתן בן אברהם",תוניס,תלמוד ומפרשיו,ספריית דיקטה,https://files.dicta.org.il/library-1-0/meorotnatan/meorotnatan__text_files.zip,https://files.dicta.org.il/library-1-0/meorotnatan/meorotnatan__nikud_meteg_files.zip,meorotnatan,Meorot Natan,Natan Borgel,Talmud and Commentaries,Tunisia,,meorotnatan,
https://files.dicta.org.il/library-1-0/metzapeharyeh/metzapeharyeh__ocr_data_html_files.zip,מצפה אריה,1880,אריה ליב בן אברהם יוסף ברודא ,למברג (לבוב),"שאלות ותשובות (שו""ת)",ספריית דיקטה,https://files.dicta.org.il/library-1-0/metzapeharyeh/metzapeharyeh__text_files.zip,https://files.dicta.org.il/library-1-0/metzapeharyeh/metzapeharyeh__nikud_meteg_files.zip,metzapeharyeh,Metzapeh Aryeh,"Broda, Aryeh Leib Ben Avrohom Yosef",Responsa,Lemberg (Lvov),,metzapeharyeh,
https://files.dicta.org.il/library-1-0/metzapeharyehtanina1/metzapeharyehtanina1__ocr_data_html_files.zip,מצפה אריה תנינא חלק א,1912,אריה ליב בן אברהם יוסף ברודא ,למברג (לבוב),"שאלות ותשובות (שו""ת)",ספריית דיקטה,https://files.dicta.org.il/library-1-0/metzapeharyehtanina1/metzapeharyehtanina1__text_files.zip,https://files.dicta.org.il/library-1-0/metzapeharyehtanina1/metzapeharyehtanina1__nikud_meteg_files.zip,metzapeharyehtanina1,Metzapeh Aryeh Tanina part 1,"Broda, Aryeh Leib Ben Avrohom Yosef",Responsa,Lemberg (Lvov),,metzapeharyehtanina1,
https://files.dicta.org.il/library-1-0/metzapeharyehtanina2/metzapeharyehtanina2__ocr_data_html_files.zip,מצפה אריה תנינא חלק ב,1912,אריה ליב בן אברהם יוסף ברודא ,למברג (לבוב),"שאלות ותשובות (שו""ת)",ספריית דיקטה,https://files.dicta.org.il/library-1-0/metzapeharyehtanina2/metzapeharyehtanina2__text_files.zip,https://files.dicta.org.il/library-1-0/metzapeharyehtanina2/metzapeharyehtanina2__nikud_meteg_files.zip,metzapeharyehtanina2,Metzapeh Aryeh Tanina part 2,"Broda, Aryeh Leib Ben Avrohom Yosef",Responsa,Lemberg (Lvov),,metzapeharyehtanina2,
https://files.dicta.org.il/library-1-0/minhatpatimchoshenmishpat/minhatpatimchoshenmishpat__ocr_data_html_files.zip,מנחת פתים חושן משפט,1898,מאיר אריק,מונקאטש (מונקאץ'),הלכה ומנהג,ספריית דיקטה,https://files.dicta.org.il/library-1-0/minhatpatimchoshenmishpat/minhatpatimchoshenmishpat__text_files.zip,https://files.dicta.org.il/library-1-0/minhatpatimchoshenmishpat/minhatpatimchoshenmishpat__nikud_meteg_files.zip,minhatpatimchoshenmishpat,Minhat Patim choshen mishpat,Rabbi Meir Arik,Halakha and Minhaggim,Munkatch (Mukacheve),,minhatpatimchoshenmishpat,
https://files.dicta.org.il/library-1-0/minhatpatimevenhaezer/minhatpatimevenhaezer__ocr_data_html_files.zip,מנחת פתים אבן העזר,1907,מאיר אריק,מונקאטש (מונקאץ'),הלכה ומנהג,ספריית דיקטה,https://files.dicta.org.il/library-1-0/minhatpatimevenhaezer/minhatpatimevenhaezer__text_files.zip,https://files.dicta.org.il/library-1-0/minhatpatimevenhaezer/minhatpatimevenhaezer__nikud_meteg_files.zip,minhatpatimevenhaezer,Minhat Patim Even haEzer,Rabbi Meir Arik,Halakha and Minhaggim,Munkatch (Mukacheve),,minhatpatimevenhaezer,
https://files.dicta.org.il/library-1-0/mishkanhaeidut/mishkanhaeidut__ocr_data_html_files.zip,משכן העדות,1913,יעקב שמחה רפיש,ורשה,הלכה ומנהג,ספריית דיקטה,https://files.dicta.org.il/library-1-0/mishkanhaeidut/mishkanhaeidut__text_files.zip,https://files.dicta.org.il/library-1-0/mishkanhaeidut/mishkanhaeidut__nikud_meteg_files.zip,mishkanhaeidut,Mishkan haEidut,Yaakov Simha,Halakha and Minhaggim,Warsaw,,mishkanhaeidut,
https://files.dicta.org.il/library-1-0/mishmeretelazar/mishmeretelazar__ocr_data_html_files.zip,משמרת אלעזר,1938,שאול בן אלעזר בראך ,מיהלוביץ,דרשות ודרושים,ספריית דיקטה,https://files.dicta.org.il/library-1-0/mishmeretelazar/mishmeretelazar__text_files.zip,https://files.dicta.org.il/library-1-0/mishmeretelazar/mishmeretelazar__nikud_meteg_files.zip,mishmeretelazar,Mishmeret Elazar,Shaul Brach,Derashot (Homilies),Michalovce,,mishmeretelazar,
https://files.dicta.org.il/library-1-0/neotyaakov/neotyaakov__ocr_data_html_files.zip,נאות יעקב,1912,יעקב בן שלמה זלמן סנדר כהנא-שפירא ,וילנה,"שאלות ותשובות (שו""ת)",ספריית דיקטה,https://files.dicta.org.il/library-1-0/neotyaakov/neotyaakov__text_files.zip,https://files.dicta.org.il/library-1-0/neotyaakov/neotyaakov__nikud_meteg_files.zip,neotyaakov,Neot Yaakov,"Shapira, Yaakov Kahana,",Responsa,Vilna (Vilnius),,neotyaakov,
https://files.dicta.org.il/library-1-0/nezerhakodeshniddah/nezerhakodeshniddah__ocr_data_html_files.zip,נזר הקודש - נדה,1946,משה רוזין,ניו יורק,תלמוד ומפרשיו,ספריית דיקטה,https://files.dicta.org.il/library-1-0/nezerhakodeshniddah/nezerhakodeshniddah__text_files.zip,https://files.dicta.org.il/library-1-0/nezerhakodeshniddah/nezerhakodeshniddah__nikud_meteg_files.zip,nezerhakodeshniddah,nezer hakodesh (Niddah),Moshe Rosen,Talmud and Commentaries,New York,,nezerhakodeshniddah,
https://files.dicta.org.il/library-1-0/nezerhakodeshyoma/nezerhakodeshyoma__ocr_data_html_files.zip,נזר הקודש - יומא,1942,משה רוזין,ניו יורק,תלמוד ומפרשיו,ספריית דיקטה,https://files.dicta.org.il/library-1-0/nezerhakodeshyoma/nezerhakodeshyoma__text_files.zip,https://files.dicta.org.il/library-1-0/nezerhakodeshyoma/nezerhakodeshyoma__nikud_meteg_files.zip,nezerhakodeshyoma,nezer hakodesh (Yoma),Moshe Rosen,Talmud and Commentaries,New York,,nezerhakodeshyoma,
https://files.dicta.org.il/library-1-0/nidrezerizin2/nidrezerizin2__ocr_data_html_files.zip,נדרי זריזין חלק ב,1839,שלמה בן י-הודה אהרן קלוגר ,זולקוה (ז'ובקבה),תלמוד ומפרשיו,ספריית דיקטה,https://files.dicta.org.il/library-1-0/nidrezerizin2/nidrezerizin2__text_files.zip,https://files.dicta.org.il/library-1-0/nidrezerizin2/nidrezerizin2__nikud_meteg_files.zip,nidrezerizin2,Nidre zerizin part 2,Solomon ben Judah Aaron Kluger,Talmud and Commentaries,Zolkiewka (Zhovkva),,nidrezerizin2,
https://files.dicta.org.il/library-1-0/ohelyaakovzerchin/ohelyaakovzerchin__ocr_data_html_files.zip,אהל יעקב,1931,יעקב חי זריהן,ירושלים,דרשות ודרושים,ספריית דיקטה,https://files.dicta.org.il/library-1-0/ohelyaakovzerchin/ohelyaakovzerchin__text_files.zip,https://files.dicta.org.il/library-1-0/ohelyaakovzerchin/ohelyaakovzerchin__nikud_meteg_files.zip,ohelyaakovzerchin,Ohel Yaakov,Rabbi Yaakov Hay Zrihan,Derashot (Homilies),Jerusalem,,ohelyaakovzerchin,
https://files.dicta.org.il/library-1-0/ohrlayisharim/ohrlayisharim__ocr_data_html_files.zip,אור לישרים,1942,"איידליץ, אברהם משה זרח בן מאיר",בודפשט,דרשות ודרושים,ספריית דיקטה,https://files.dicta.org.il/library-1-0/ohrlayisharim/ohrlayisharim__text_files.zip,https://files.dicta.org.il/library-1-0/ohrlayisharim/ohrlayisharim__nikud_meteg_files.zip,ohrlayisharim,Or la-yesharim,"Eidlitz, Zerah ben Meir,",Derashot (Homilies),Budapest,,ohrlayisharim,
https://files.dicta.org.il/library-1-0/orachmishpat/orachmishpat__ocr_data_html_files.zip,אורח משפט,1908,שמעון דובער אנוליק,פיוטריקוב,הלכה ומנהג,ספריית דיקטה,https://files.dicta.org.il/library-1-0/orachmishpat/orachmishpat__text_files.zip,https://files.dicta.org.il/library-1-0/orachmishpat/orachmishpat__nikud_meteg_files.zip,orachmishpat,Orach Mishpat,Shimon Dov Enlik,Halakha and Minhaggim,Piotrków,,orachmishpat,
https://files.dicta.org.il/library-1-0/orgadol/orgadol__ocr_data_html_files.zip,אור גדול,1924,ירוחם י-הודה ליב פרלמן,וילנה,"שאלות ותשובות (שו""ת)",ספריית דיקטה,https://files.dicta.org.il/library-1-0/orgadol/orgadol__text_files.zip,https://files.dicta.org.il/library-1-0/orgadol/orgadol__nikud_meteg_files.zip,orgadol,Or Gadol,Yeruchem Yehudah Leib Pearlman,Responsa,Vilna (Vilnius),,orgadol,
https://files.dicta.org.il/library-1-0/petachhabayit2/petachhabayit2__ocr_data_html_files.zip,פתח הבית חלק ב,1916,רבי אברהם טיקטין,ורשה,תלמוד ומפרשיו,ספריית דיקטה,https://files.dicta.org.il/library-1-0/petachhabayit2/petachhabayit2__text_files.zip,https://files.dicta.org.il/library-1-0/petachhabayit2/petachhabayit2__nikud_meteg_files.zip,petachhabayit2,Petach ha-bayit part 2,Rabbi Avraham Tiktin,Talmud and Commentaries,Warsaw,,petachhabayit2,
https://files.dicta.org.il/library-1-0/petachhaohelutterman/petachhaohelutterman__ocr_data_html_files.zip,פתח האוהל,1902,חיים משולם קויפמן אוטרמן,ורשה,"ספרות חז""ל",ספריית דיקטה,https://files.dicta.org.il/library-1-0/petachhaohelutterman/petachhaohelutterman__text_files.zip,https://files.dicta.org.il/library-1-0/petachhaohelutterman/petachhaohelutterman__nikud_meteg_files.zip,petachhaohelutterman,Petach haOhel,Rabbi Chaim Meshulam Kaufman Utterman,Rabbinic Literature,Warsaw,,petachhaohelutterman,
https://files.dicta.org.il/library-1-0/pneiyitzhak2/pneiyitzhak2__ocr_data_html_files.zip,פני יצחק חלק ב,1886,יצחק בן משה אבולעפיא,ליוורנו ,"שאלות ותשובות (שו""ת)",ספריית דיקטה,https://files.dicta.org.il/library-1-0/pneiyitzhak2/pneiyitzhak2__text_files.zip,https://files.dicta.org.il/library-1-0/pneiyitzhak2/pneiyitzhak2__nikud_meteg_files.zip,pneiyitzhak2,Pnei Yitzhak part 2,Isaac ben Moses Abulafia,Responsa,Livorno (Leghorn),,pneiyitzhak2,
https://files.dicta.org.il/library-1-0/pneiyitzhak6/pneiyitzhak6__ocr_data_html_files.zip,פני יצחק חלק ו,1903,יצחק בן משה אבולעפיא,ירושלים,"שאלות ותשובות (שו""ת)",ספריית דיקטה,https://files.dicta.org.il/library-1-0/pneiyitzhak6/pneiyitzhak6__text_files.zip,https://files.dicta.org.il/library-1-0/pneiyitzhak6/pneiyitzhak6__nikud_meteg_files.zip,pneiyitzhak6,Pnei Yitzhak part 6,Isaac ben Moses Abulafia,Responsa,Jerusalem,,pneiyitzhak6,
https://files.dicta.org.il/library-1-0/poratyosefshlemfer/poratyosefshlemfer__ocr_data_html_files.zip,פורת יוסף (שלופר),1875,יוסף בן צבי הירש שלופר ,וילנה,שונות,ספריית דיקטה,https://files.dicta.org.il/library-1-0/poratyosefshlemfer/poratyosefshlemfer__text_files.zip,https://files.dicta.org.il/library-1-0/poratyosefshlemfer/poratyosefshlemfer__nikud_meteg_files.zip,poratyosefshlemfer,Porat Yosef Shlemfer,"Shlemfer, Yosef",Miscellaneous,Vilna (Vilnius),,poratyosefshlemfer,
https://files.dicta.org.il/library-1-0/reishitbekurimweinberg/reishitbekurimweinberg__ocr_data_html_files.zip,ראשית בכורים (בכורות),1930,אברהם וינברג,פיוטריקוב,תלמוד ומפרשיו,ספריית דיקטה,https://files.dicta.org.il/library-1-0/reishitbekurimweinberg/reishitbekurimweinberg__text_files.zip,https://files.dicta.org.il/library-1-0/reishitbekurimweinberg/reishitbekurimweinberg__nikud_meteg_files.zip,reishitbekurimweinberg,Reishit Bekurim (Bekhorot),Avraham Weinberg,Talmud and Commentaries,Piotrków,,reishitbekurimweinberg,
https://files.dicta.org.il/library-1-0/ritvagittin/ritvagittin__ocr_data_html_files.zip,ריטב”א על גיטין,1835,יום טוב בן אברהם אשבילי,סודילקוב,תלמוד ומפרשיו,ספריית דיקטה,https://files.dicta.org.il/library-1-0/ritvagittin/ritvagittin__text_files.zip,https://files.dicta.org.il/library-1-0/ritvagittin/ritvagittin__nikud_meteg_files.zip,ritvagittin,Ritva (Gittin),Yom Tov ben Abraham of Seville,Talmud and Commentaries,Sdzilkov (Sudilkyiv),,ritvagittin,
https://files.dicta.org.il/library-1-0/rokachshirhashirim/rokachshirhashirim__ocr_data_html_files.zip,רוקח על שיר השירים,1911,אלעזר מגרמייזא,פיוטריקוב,"תנ""ך ומפרשיו",ספריית דיקטה,https://files.dicta.org.il/library-1-0/rokachshirhashirim/rokachshirhashirim__text_files.zip,https://files.dicta.org.il/library-1-0/rokachshirhashirim/rokachshirhashirim__nikud_meteg_files.zip,rokachshirhashirim,Rokach Shir haShirim,Eleazar of Worms,Tanakh and Commentaries,Piotrków,,rokachshirhashirim,
https://files.dicta.org.il/library-1-0/roshemunah/roshemunah__ocr_data_html_files.zip,ראש אמנה,1881,יצחק אברבנאל,ורשה,מחשבה ומוסר,ספריית דיקטה,https://files.dicta.org.il/library-1-0/roshemunah/roshemunah__text_files.zip,https://files.dicta.org.il/library-1-0/roshemunah/roshemunah__nikud_meteg_files.zip,roshemunah,Rosh Emunah,Isaac ben Judah Abarbanel,Jewish Thought and Ethics,Warsaw,,roshemunah,
https://files.dicta.org.il/library-1-0/sdeichemedkuntreshaklalim30/sdeichemedkuntreshaklalim30__ocr_data_html_files.zip,שדי חמד קונטרס הכללים מערכת ל,1896,חיים חזקיהו מדיני,ורשה,הלכה ומנהג,ספריית דיקטה,https://files.dicta.org.il/library-1-0/sdeichemedkuntreshaklalim30/sdeichemedkuntreshaklalim30__text_files.zip,https://files.dicta.org.il/library-1-0/sdeichemedkuntreshaklalim30/sdeichemedkuntreshaklalim30__nikud_meteg_files.zip,sdeichemedkuntreshaklalim30,Sdei Chemed Kuntres Haklalim marechet lamed,rabbi Chaim Hezekiah Medini,Halakha and Minhaggim,Warsaw,,sdeichemedkuntreshaklalim30,
https://files.dicta.org.il/library-1-0/sederhalacharambam/sederhalacharambam__ocr_data_html_files.zip,"סדר הלכה (רמב""ם)",1917,דוד שלמה הכהן אדלשטיין,ורשה,"רמב""ם ומפרשיו",ספריית דיקטה,https://files.dicta.org.il/library-1-0/sederhalacharambam/sederhalacharambam__text_files.zip,https://files.dicta.org.il/library-1-0/sederhalacharambam/sederhalacharambam__nikud_meteg_files.zip,sederhalacharambam_EGT,Seder Halacha Rambam,"Edelstein, Dovid Shlomo",Rambam ,Warsaw,,sederhalacharambam,
https://files.dicta.org.il/library-1-0/seferhaittur2/seferhaittur2__ocr_data_html_files.zip,ספר העיטור חלק ב,1860,יצחק בן אבא מרי,למברג (לבוב),הלכה ומנהג,ספריית דיקטה,https://files.dicta.org.il/library-1-0/seferhaittur2/seferhaittur2__text_files.zip,https://files.dicta.org.il/library-1-0/seferhaittur2/seferhaittur2__nikud_meteg_files.zip,seferhaittur2,Sefer Haittur part 2,rabbi Isaac ben Abba Mari,Halakha and Minhaggim,Lemberg (Lvov),,seferhaittur2,
https://files.dicta.org.il/library-1-0/shevetsofer2/shevetsofer2__ocr_data_html_files.zip,שבט סופר חלק ב,1919,שמחה בונים סופר,בודפשט,"שאלות ותשובות (שו""ת)",ספריית דיקטה,https://files.dicta.org.il/library-1-0/shevetsofer2/shevetsofer2__text_files.zip,https://files.dicta.org.il/library-1-0/shevetsofer2/shevetsofer2__nikud_meteg_files.zip,shevetsofer2_EGT,Shevet Sofer part 2,rabbi Śimhah Bunem Sofer,Responsa,Budapest,,shevetsofer2,
https://files.dicta.org.il/library-1-0/shulchanoshelavraham/shulchanoshelavraham__ocr_data_html_files.zip,שלחנו של אברהם,1865,אברהם בן יצחק חי הכהן יצחקי ,ליוורנו ,הלכה ומנהג,ספריית דיקטה,https://files.dicta.org.il/library-1-0/shulchanoshelavraham/shulchanoshelavraham__text_files.zip,https://files.dicta.org.il/library-1-0/shulchanoshelavraham/shulchanoshelavraham__nikud_meteg_files.zip,shulchanoshelavraham,Shulchano shel Avraham,Avraham ben Yitzhak Hi haCohen Yitzhakו,Halakha and Minhaggim,Livorno (Leghorn),,shulchanoshelavraham,
https://files.dicta.org.il/library-1-0/shulkhanhamelekhrambam/shulkhanhamelekhrambam__ocr_data_html_files.zip,"שולחן המלך על הרמב""ם",1862,יוסף בן עזרא,איזמיר,"רמב""ם ומפרשיו",ספריית דיקטה,https://files.dicta.org.il/library-1-0/shulkhanhamelekhrambam/shulkhanhamelekhrambam__text_files.zip,https://files.dicta.org.il/library-1-0/shulkhanhamelekhrambam/shulkhanhamelekhrambam__nikud_meteg_files.zip,shulkhanhamelekhrambam_EGT,Shulkhan Hamelekh (Rambam),r' Josef ben Ezra,Rambam ,Izmir,,shulkhanhamelekhrambam,
https://files.dicta.org.il/library-1-0/simchaleish/simchaleish__ocr_data_html_files.zip,שמחה לאיש,1888,"אלישר, יעקב שאול בן אליעזר ירחם",ירושלים,"שאלות ותשובות (שו""ת)",ספריית דיקטה,https://files.dicta.org.il/library-1-0/simchaleish/simchaleish__text_files.zip,https://files.dicta.org.il/library-1-0/simchaleish/simchaleish__nikud_meteg_files.zip,simchaleish,Simcha leIsh,"Elshir, Yaakov Shaul",Responsa,Jerusalem,,simchaleish,
https://files.dicta.org.il/library-1-0/taalumotlev3/taalumotlev3__ocr_data_html_files.zip,"שו""ת תעלומות לב חלק ג",1903,אליהו בכור חזן,אלכנסדריה ,"שאלות ותשובות (שו""ת)",ספריית דיקטה,https://files.dicta.org.il/library-1-0/taalumotlev3/taalumotlev3__text_files.zip,https://files.dicta.org.il/library-1-0/taalumotlev3/taalumotlev3__nikud_meteg_files.zip,taalumotlev3,Responsa Taalumot Lev part 3,Ḥazan Eliyahu,Responsa,Alexandria ,,taalumotlev3,
https://files.dicta.org.il/library-1-0/tevuothasadah1/tevuothasadah1__ocr_data_html_files.zip,תבואות השדה חלק א,1892,אליעזר חיים בן אברהם דייטש ,למברג (לבוב),תלמוד ומפרשיו,ספריית דיקטה,https://files.dicta.org.il/library-1-0/tevuothasadah1/tevuothasadah1__text_files.zip,https://files.dicta.org.il/library-1-0/tevuothasadah1/tevuothasadah1__nikud_meteg_files.zip,tevuothasadah1,Tevuot Hasadah part 1,Eliezer Deitch,Talmud and Commentaries,Lemberg (Lvov),,tevuothasadah1,
https://files.dicta.org.il/library-1-0/tevuothasadah2/tevuothasadah2__ocr_data_html_files.zip,תבואות השדה חלק ב,1894,אליעזר חיים בן אברהם דייטש ,למברג (לבוב),"שאלות ותשובות (שו""ת)",ספריית דיקטה,https://files.dicta.org.il/library-1-0/tevuothasadah2/tevuothasadah2__text_files.zip,https://files.dicta.org.il/library-1-0/tevuothasadah2/tevuothasadah2__nikud_meteg_files.zip,tevuothasadah2,Tevuot Hasadah part 2,Eliezer Deitch,Responsa,Lemberg (Lvov),,tevuothasadah2,
https://files.dicta.org.il/library-1-0/tevuothasadah4/tevuothasadah4__ocr_data_html_files.zip,תבואות השדה חלק ד,1900,אליעזר חיים בן אברהם דייטש ,פקש,תלמוד ומפרשיו,ספריית דיקטה,https://files.dicta.org.il/library-1-0/tevuothasadah4/tevuothasadah4__text_files.zip,https://files.dicta.org.il/library-1-0/tevuothasadah4/tevuothasadah4__nikud_meteg_files.zip,tevuothasadah4,Tevuot Hasadah part 4,Eliezer Deitch,Talmud and Commentaries,Paks,,tevuothasadah4,
https://files.dicta.org.il/library-1-0/tevuothasadah6/tevuothasadah6__ocr_data_html_files.zip,תבואות השדה חלק ו,1904,אליעזר חיים בן אברהם דייטש ,פקש,תלמוד ומפרשיו,ספריית דיקטה,https://files.dicta.org.il/library-1-0/tevuothasadah6/tevuothasadah6__text_files.zip,https://files.dicta.org.il/library-1-0/tevuothasadah6/tevuothasadah6__nikud_meteg_files.zip,tevuothasadah6,Tevuot Hasadah part 6,Eliezer Deitch,Talmud and Commentaries,Paks,,tevuothasadah6,
https://files.dicta.org.il/library-1-0/tiferesyaakovchullin1/tiferesyaakovchullin1__ocr_data_html_files.zip,תפארת יעקב על חולין חלק א,1867,יעקב גֶזונדהייט,ורשה,תלמוד ומפרשיו,ספריית דיקטה,https://files.dicta.org.il/library-1-0/tiferesyaakovchullin1/tiferesyaakovchullin1__text_files.zip,https://files.dicta.org.il/library-1-0/tiferesyaakovchullin1/tiferesyaakovchullin1__nikud_meteg_files.zip,tiferesyaakovchullin1,Tiferet Ya’akov (Chullin part 1),Yaakov Gezundheit,Talmud and Commentaries,Warsaw,,tiferesyaakovchullin1,
https://files.dicta.org.il/library-1-0/tiferesyaakovchullin2/tiferesyaakovchullin2__ocr_data_html_files.zip,תפארת יעקב על חולין חלק ב,1867,יעקב גֶזונדהייט,ורשה,תלמוד ומפרשיו,ספריית דיקטה,https://files.dicta.org.il/library-1-0/tiferesyaakovchullin2/tiferesyaakovchullin2__text_files.zip,https://files.dicta.org.il/library-1-0/tiferesyaakovchullin2/tiferesyaakovchullin2__nikud_meteg_files.zip,tiferesyaakovchullin2,Tiferet Ya’akov (Chullin part 3),Yaakov Gezundheit,Talmud and Commentaries,Warsaw,,tiferesyaakovchullin2,
https://files.dicta.org.il/library-1-0/tiferesyaakovyorehdeahshechitavetreifot/tiferesyaakovyorehdeahshechitavetreifot__ocr_data_html_files.zip,תפארת יעקב יורה דעה שחיטה וטריפות,1926,יעקב גֶזונדהייט,ורשה,הלכה ומנהג,ספריית דיקטה,https://files.dicta.org.il/library-1-0/tiferesyaakovyorehdeahshechitavetreifot/tiferesyaakovyorehdeahshechitavetreifot__text_files.zip,https://files.dicta.org.il/library-1-0/tiferesyaakovyorehdeahshechitavetreifot/tiferesyaakovyorehdeahshechitavetreifot__nikud_meteg_files.zip,tiferesyaakovyorehdeahshechitavetreifot,Tiferet Yaakov Yoreh Deah Shechita veTreifot,Yaakov Gezundheit,Halakha and Minhaggim,Warsaw,,tiferesyaakovyorehdeahshechitavetreifot,
https://files.dicta.org.il/library-1-0/tiferetyaakovchoshenmishpat1/tiferetyaakovchoshenmishpat1__ocr_data_html_files.zip,תפארת יעקב חושן משפט חלק א,1842,יעקב גֶזונדהייט,ורשה,הלכה ומנהג,ספריית דיקטה,https://files.dicta.org.il/library-1-0/tiferetyaakovchoshenmishpat1/tiferetyaakovchoshenmishpat1__text_files.zip,https://files.dicta.org.il/library-1-0/tiferetyaakovchoshenmishpat1/tiferetyaakovchoshenmishpat1__nikud_meteg_files.zip,tiferetyaakovchoshenmishpat1_EGT,Tiferet Ya’akov choshen mishpat part 1,Yaakov Gezundheit,Halakha and Minhaggim,Warsaw,,tiferetyaakovchoshenmishpat1,
https://files.dicta.org.il/library-1-0/tiferetyaakovchoshenmishpat2/tiferetyaakovchoshenmishpat2__ocr_data_html_files.zip,תפארת יעקב חושן משפט חלק ב,1926,יעקב גֶזונדהייט,בילגוריי,הלכה ומנהג,ספריית דיקטה,https://files.dicta.org.il/library-1-0/tiferetyaakovchoshenmishpat2/tiferetyaakovchoshenmishpat2__text_files.zip,https://files.dicta.org.il/library-1-0/tiferetyaakovchoshenmishpat2/tiferetyaakovchoshenmishpat2__nikud_meteg_files.zip,tiferetyaakovchoshenmishpat2,Tiferet Ya’akov choshen mishpat part 2,Yaakov Gezundheit,Halakha and Minhaggim,Bilgoraj,,tiferetyaakovchoshenmishpat2,
https://files.dicta.org.il/library-1-0/tiferetyaakovevenhaezerkiddushin/tiferetyaakovevenhaezerkiddushin__ocr_data_html_files.zip,תפארת יעקב אבן העזר קידושין,1926,יעקב גֶזונדהייט,ורשה,הלכה ומנהג,ספריית דיקטה,https://files.dicta.org.il/library-1-0/tiferetyaakovevenhaezerkiddushin/tiferetyaakovevenhaezerkiddushin__text_files.zip,https://files.dicta.org.il/library-1-0/tiferetyaakovevenhaezerkiddushin/tiferetyaakovevenhaezerkiddushin__nikud_meteg_files.zip,tiferetyaakovevenhaezerkiddushin,Tiferes Yaakov Even Ha'ezer Kiddushin,Yaakov Gezundheit,Halakha and Minhaggim,Warsaw,,tiferetyaakovevenhaezerkiddushin,
https://files.dicta.org.il/library-1-0/torateliakum/torateliakum__ocr_data_html_files.zip,תורת אליקום,1913,אליקום גצל מאיר בן יצחק פודרוביניק ,ורשה,"שאלות ותשובות (שו""ת)",ספריית דיקטה,https://files.dicta.org.il/library-1-0/torateliakum/torateliakum__text_files.zip,https://files.dicta.org.il/library-1-0/torateliakum/torateliakum__nikud_meteg_files.zip,torateliakum,Torat Eliakum,Eliakum Getsil Meir ben Yitzhak,Responsa,Warsaw,,torateliakum,
https://files.dicta.org.il/library-1-0/toratemet/toratemet__ocr_data_html_files.zip,תורת אמת,1865,ר' אברהם יהושע השל מאפטא,למברג (לבוב),חסידות,ספריית דיקטה,https://files.dicta.org.il/library-1-0/toratemet/toratemet__text_files.zip,https://files.dicta.org.il/library-1-0/toratemet/toratemet__nikud_meteg_files.zip,toratemet_EGT,Torat Emet,R’ Avraham Yehoshua Heshel miApta,Chassidut,Lemberg (Lvov),,toratemet,
https://files.dicta.org.il/library-1-0/turbareket1/turbareket1__ocr_data_html_files.zip,מקור חיים - ג  (טור ברקת חלק א),1877,חיים הכהן,פיוטריקוב,הלכה ומנהג,ספריית דיקטה,https://files.dicta.org.il/library-1-0/turbareket1/turbareket1__text_files.zip,https://files.dicta.org.il/library-1-0/turbareket1/turbareket1__nikud_meteg_files.zip,turbareket1,Mekor Chayim(Tur Bareket part 1) - 3,Chaim ben Avraham haCohen miAram Tzovah,Halakha and Minhaggim,Piotrków,,turbareket1,
https://files.dicta.org.il/library-1-0/turbareket2/turbareket2__ocr_data_html_files.zip,מקור חיים - ג  (טור ברקת חלק ב),1877,חיים הכהן,פיוטריקוב,הלכה ומנהג,ספריית דיקטה,https://files.dicta.org.il/library-1-0/turbareket2/turbareket2__text_files.zip,https://files.dicta.org.il/library-1-0/turbareket2/turbareket2__nikud_meteg_files.zip,turbareket2,Mekor Chayim(Tur Bareket part 2) - 3,Chaim ben Avraham haCohen miAram Tzovah,Halakha and Minhaggim,Piotrków,,turbareket2,
https://files.dicta.org.il/library-1-0/turbareket3/turbareket3__ocr_data_html_files.zip,מקור חיים - ג  (טור ברקת חלק ג),1877,חיים הכהן,פיוטריקוב,הלכה ומנהג,ספריית דיקטה,https://files.dicta.org.il/library-1-0/turbareket3/turbareket3__text_files.zip,https://files.dicta.org.il/library-1-0/turbareket3/turbareket3__nikud_meteg_files.zip,turbareket3,Mekor Chayim(Tur Bareket part 3) - 3,Chaim ben Avraham haCohen miAram Tzovah,Halakha and Minhaggim,Piotrków,,turbareket3,
https://files.dicta.org.il/library-1-0/turpateda1/turpateda1__ocr_data_html_files.zip,מקור חיים - ב  (טור פטדה חלק א),1877,חיים הכהן,פיוטריקוב,הלכה ומנהג,ספריית דיקטה,https://files.dicta.org.il/library-1-0/turpateda1/turpateda1__text_files.zip,https://files.dicta.org.il/library-1-0/turpateda1/turpateda1__nikud_meteg_files.zip,turpateda1,Mekor Chayim (Tur Pateda part 1) - 2,Chaim ben Avraham haCohen miAram Tzovah,Halakha and Minhaggim,Piotrków,,turpateda1,
https://files.dicta.org.il/library-1-0/turpateda2/turpateda2__ocr_data_html_files.zip,מקור חיים - ב  (טור פטדה חלק ב),1877,חיים הכהן,פיוטריקוב,הלכה ומנהג,ספריית דיקטה,https://files.dicta.org.il/library-1-0/turpateda2/turpateda2__text_files.zip,https://files.dicta.org.il/library-1-0/turpateda2/turpateda2__nikud_meteg_files.zip,turpateda2,Mekor Chayim (Tur Pateda part 2) - 2,Chaim ben Avraham haCohen miAram Tzovah,Halakha and Minhaggim,Piotrków,,turpateda2,
https://files.dicta.org.il/library-1-0/turyahalom/turyahalom__ocr_data_html_files.zip,מקור חיים - ד  (טור יהלם),1878,חיים הכהן,פיוטריקוב,הלכה ומנהג,ספריית דיקטה,https://files.dicta.org.il/library-1-0/turyahalom/turyahalom__text_files.zip,https://files.dicta.org.il/library-1-0/turyahalom/turyahalom__nikud_meteg_files.zip,turyahalom,Mekor Chayim (Tur Yahalom)- 4,Chaim ben Avraham haCohen miAram Tzovah,Halakha and Minhaggim,Piotrków,,turyahalom,
https://files.dicta.org.il/library-1-0/tzlachbeitzah/tzlachbeitzah__ocr_data_html_files.zip,"צל""ח ביצה",1857,יחזקאל הלוי לנדא,סלאוויטא,תלמוד ומפרשיו,ספריית דיקטה,https://files.dicta.org.il/library-1-0/tzlachbeitzah/tzlachbeitzah__text_files.zip,https://files.dicta.org.il/library-1-0/tzlachbeitzah/tzlachbeitzah__nikud_meteg_files.zip,tzlachbeitzah_EGT,Tzlach Beitzah,Yechezkel Landau,Talmud and Commentaries,Slavuta,,tzlachbeitzah,
https://files.dicta.org.il/library-1-0/tzonkedoshim/tzonkedoshim__ocr_data_html_files.zip,צאן קדשים,1876,אברהם חיים שור,ורשה,תלמוד ומפרשיו,ספריית דיקטה,https://files.dicta.org.il/library-1-0/tzonkedoshim/tzonkedoshim__text_files.zip,https://files.dicta.org.il/library-1-0/tzonkedoshim/tzonkedoshim__nikud_meteg_files.zip,tzonkedoshim,Tzon Kedoshim,Avraham Chaim Shor,Talmud and Commentaries,Warsaw,,tzonkedoshim,
https://files.dicta.org.il/library-1-0/yadhamelekhlandau4/yadhamelekhlandau4__ocr_data_html_files.zip,יד המלך (לנדא) - ד.,1826,אלעזר סגל לנדא,למברג (לבוב),"רמב""ם ומפרשיו",ספריית דיקטה,https://files.dicta.org.il/library-1-0/yadhamelekhlandau4/yadhamelekhlandau4__text_files.zip,https://files.dicta.org.il/library-1-0/yadhamelekhlandau4/yadhamelekhlandau4__nikud_meteg_files.zip,yadhamelekhlandau4_EGT,Yad haMelech part 4,Elazar bar Yisroel Landau,Rambam ,Lemberg (Lvov),,yadhamelekhlandau4,
https://files.dicta.org.il/library-1-0/yadyitzhak1/yadyitzhak1__ocr_data_html_files.zip,יד יצחק - א,1867,יצחק צבי ארונובסקי,וילנה,"רמב""ם ומפרשיו",ספריית דיקטה,https://files.dicta.org.il/library-1-0/yadyitzhak1/yadyitzhak1__text_files.zip,https://files.dicta.org.il/library-1-0/yadyitzhak1/yadyitzhak1__nikud_meteg_files.zip,yadyitzhak1,yad yitzhak part 1,yitzchok tzvi Aronovsky,Rambam ,Vilna (Vilnius),,yadyitzhak1,
https://files.dicta.org.il/library-1-0/yalkutdavidbeoheldavid/yalkutdavidbeoheldavid__ocr_data_html_files.zip,ילקוט דוד - באוהל דוד,1946,דוד בן משה הכהן סקלי ,מקנס,קבלה,ספריית דיקטה,https://files.dicta.org.il/library-1-0/yalkutdavidbeoheldavid/yalkutdavidbeoheldavid__text_files.zip,https://files.dicta.org.il/library-1-0/yalkutdavidbeoheldavid/yalkutdavidbeoheldavid__nikud_meteg_files.zip,yalkutdavidbeoheldavid,Yalkut David Beohel David,David Skali,Kabbala,Meknes,,yalkutdavidbeoheldavid,
https://files.dicta.org.il/library-1-0/yalkuthagershuniorachchayim2/yalkuthagershuniorachchayim2__ocr_data_html_files.zip,ילקוט הגרשוני אורח חיים ב,1908,גרשון בן משה שטרן ,מונקאטש (מונקאץ'),הלכה ומנהג,ספריית דיקטה,https://files.dicta.org.il/library-1-0/yalkuthagershuniorachchayim2/yalkuthagershuniorachchayim2__text_files.zip,https://files.dicta.org.il/library-1-0/yalkuthagershuniorachchayim2/yalkuthagershuniorachchayim2__nikud_meteg_files.zip,yalkuthagershuniorachchayim2,Yalkut ha-Gershuni Orach Chayim part 2,Gerson Stern,Halakha and Minhaggim,Munkatch (Mukacheve),,yalkuthagershuniorachchayim2,
https://files.dicta.org.il/library-1-0/yededavid/yededavid__ocr_data_html_files.zip,ידי דוד,1853,"מועטי, דוד בן שמואל",אלג'יר,תלמוד ומפרשיו,ספריית דיקטה,https://files.dicta.org.il/library-1-0/yededavid/yededavid__text_files.zip,https://files.dicta.org.il/library-1-0/yededavid/yededavid__nikud_meteg_files.zip,yededavid,Yede David,"Muati, Dovid",Talmud and Commentaries,Algiers,,yededavid,
https://files.dicta.org.il/library-1-0/yehudahyaalehevenhaezerchoshenmishpat/yehudahyaalehevenhaezerchoshenmishpat__ocr_data_html_files.zip,יהודה יעלה אבן העזר וחושן משפט,1880,י-הודה אסאד,למברג (לבוב),"שאלות ותשובות (שו""ת)",ספריית דיקטה,https://files.dicta.org.il/library-1-0/yehudahyaalehevenhaezerchoshenmishpat/yehudahyaalehevenhaezerchoshenmishpat__text_files.zip,https://files.dicta.org.il/library-1-0/yehudahyaalehevenhaezerchoshenmishpat/yehudahyaalehevenhaezerchoshenmishpat__nikud_meteg_files.zip,yehudahyaalehevenhaezerchoshenmishpat_EGT,Yehudah Yaaleh Even haEzer Choshen Mishpat,"Asud, Yehudah",Responsa,Lemberg (Lvov),,yehudahyaalehevenhaezerchoshenmishpat,
https://files.dicta.org.il/library-1-0/yehudahyaalehorachchayim/yehudahyaalehorachchayim__ocr_data_html_files.zip,יהודה יעלה אורח חיים,1873,רבי יהודה אסאד,למברג (לבוב),"שאלות ותשובות (שו""ת)",ספריית דיקטה,https://files.dicta.org.il/library-1-0/yehudahyaalehorachchayim/yehudahyaalehorachchayim__text_files.zip,https://files.dicta.org.il/library-1-0/yehudahyaalehorachchayim/yehudahyaalehorachchayim__nikud_meteg_files.zip,yehudahyaalehorachchayim_EGT,Yehudah Yaaleh Orach Chayim,Yehudah Assad,Responsa,Lemberg (Lvov),,yehudahyaalehorachchayim,
https://files.dicta.org.il/library-1-0/yeriotshlomoshas/yeriotshlomoshas__ocr_data_html_files.zip,יריעות שלמה יורה דעה חלק א,1913,שלמה זלמן בן שלום אולמן,מונקאטש (מונקאץ'),"שאלות ותשובות (שו""ת)",ספריית דיקטה,https://files.dicta.org.il/library-1-0/yeriotshlomoshas/yeriotshlomoshas__text_files.zip,https://files.dicta.org.il/library-1-0/yeriotshlomoshas/yeriotshlomoshas__nikud_meteg_files.zip,yeriotshlomoshas,Yeriot Shlomo (shas),"Ulman, Shelomoh Zalman,",Responsa,Munkatch (Mukacheve),,yeriotshlomoshas,
https://files.dicta.org.il/library-1-0/yetevlevbemidbar/yetevlevbemidbar__ocr_data_html_files.zip,ייטב לב במדבר,1875,רבי יקותיאל יהודה טייטלבוים,סיגט,חסידות,ספריית דיקטה,https://files.dicta.org.il/library-1-0/yetevlevbemidbar/yetevlevbemidbar__text_files.zip,https://files.dicta.org.il/library-1-0/yetevlevbemidbar/yetevlevbemidbar__nikud_meteg_files.zip,yetevlevbemidbar,Yetev Lev Bemidbar,"Teiteilbaum, Yekusiel Yehudah",Chassidut,Sziget (Sighetu Marmației),,yetevlevbemidbar,
https://files.dicta.org.il/library-1-0/yetevlevbershit/yetevlevbershit__ocr_data_html_files.zip,ייטב לב בראשית,1875,רבי יקותיאל יהודה טייטלבוים,סיגט,חסידות,ספריית דיקטה,https://files.dicta.org.il/library-1-0/yetevlevbershit/yetevlevbershit__text_files.zip,https://files.dicta.org.il/library-1-0/yetevlevbershit/yetevlevbershit__nikud_meteg_files.zip,yetevlevbershit,Yetev Lev Bershit,"Teiteilbaum, Yekusiel Yehudah",Chassidut,Sziget (Sighetu Marmației),,yetevlevbershit,
https://files.dicta.org.il/library-1-0/yetevlevdevarim/yetevlevdevarim__ocr_data_html_files.zip,ייטב לב דברים,1875,רבי יקותיאל יהודה טייטלבוים,סיגט,חסידות,ספריית דיקטה,https://files.dicta.org.il/library-1-0/yetevlevdevarim/yetevlevdevarim__text_files.zip,https://files.dicta.org.il/library-1-0/yetevlevdevarim/yetevlevdevarim__nikud_meteg_files.zip,yetevlevdevarim,Yetev Lev Devarim,"Teiteilbaum, Yekusiel Yehudah",Chassidut,Sziget (Sighetu Marmației),,yetevlevdevarim,
https://files.dicta.org.il/library-1-0/yetevlevshemot/yetevlevshemot__ocr_data_html_files.zip,ייטב לב שמות,1875,רבי יקותיאל יהודה טייטלבוים,סיגט,חסידות,ספריית דיקטה,https://files.dicta.org.il/library-1-0/yetevlevshemot/yetevlevshemot__text_files.zip,https://files.dicta.org.il/library-1-0/yetevlevshemot/yetevlevshemot__nikud_meteg_files.zip,yetevlevshemot,Yetev Lev Shemot,"Teiteilbaum, Yekusiel Yehudah",Chassidut,Sziget (Sighetu Marmației),,yetevlevshemot,
https://files.dicta.org.il/library-1-0/yetevlevvayikra/yetevlevvayikra__ocr_data_html_files.zip,ייטב לב ויקרא,1875,רבי יקותיאל יהודה טייטלבוים,סיגט,חסידות,ספריית דיקטה,https://files.dicta.org.il/library-1-0/yetevlevvayikra/yetevlevvayikra__text_files.zip,https://files.dicta.org.il/library-1-0/yetevlevvayikra/yetevlevvayikra__nikud_meteg_files.zip,yetevlevvayikra,Yetev Lev Vayikra,"Teiteilbaum, Yekusiel Yehudah",Chassidut,Sziget (Sighetu Marmației),,yetevlevvayikra,
https://files.dicta.org.il/library-1-0/yonatilem/yonatilem__ocr_data_html_files.zip,יונת אלם,1859,"פאנו, מנחם עזריה בן יצחק ברכיה",למברג (לבוב),קבלה,ספריית דיקטה,https://files.dicta.org.il/library-1-0/yonatilem/yonatilem__text_files.zip,https://files.dicta.org.il/library-1-0/yonatilem/yonatilem__nikud_meteg_files.zip,yonatilem,Yonat Ilem,Menache Azariah miPano,Kabbala,Lemberg (Lvov),,yonatilem,
https://files.dicta.org.il/library-1-0/zecheryeshayahu2/zecheryeshayahu2__ocr_data_html_files.zip,זכר ישעיהו חלק ב,1882,זכריה ישעיה יולס,וילנה,תלמוד ומפרשיו,ספריית דיקטה,https://files.dicta.org.il/library-1-0/zecheryeshayahu2/zecheryeshayahu2__text_files.zip,https://files.dicta.org.il/library-1-0/zecheryeshayahu2/zecheryeshayahu2__nikud_meteg_files.zip,zecheryeshayahu2,Zekher Yeshayahu part 2,"Jolles, Zechariah Isaiah",Talmud and Commentaries,Vilna (Vilnius),,zecheryeshayahu2,
https://files.dicta.org.il/library-1-0/zecheryeshayahurambam/zecheryeshayahurambam__ocr_data_html_files.zip,"זכר ישעיהו (רמב""ם)",1882,זכריה ישעיה יולס,וילנה,"רמב""ם ומפרשיו",ספריית דיקטה,https://files.dicta.org.il/library-1-0/zecheryeshayahurambam/zecheryeshayahurambam__text_files.zip,https://files.dicta.org.il/library-1-0/zecheryeshayahurambam/zecheryeshayahurambam__nikud_meteg_files.zip,zecheryeshayahurambam_EGT,Zekher Yeshayahu (Rambam),"Jolles, Zechariah Isaiah",Rambam ,Vilna (Vilnius),,zecheryeshayahurambam,
https://files.dicta.org.il/library-1-0/zekanaharonkurts/zekanaharonkurts__ocr_data_html_files.zip,זקן אהרן (קורץ),1930,אהרן יוסף קורץ,קרקוב (קארקא),דרשות ודרושים,ספריית דיקטה,https://files.dicta.org.il/library-1-0/zekanaharonkurts/zekanaharonkurts__text_files.zip,https://files.dicta.org.il/library-1-0/zekanaharonkurts/zekanaharonkurts__nikud_meteg_files.zip,zekanaharonkurts,Zekan Aharon (Kurts),"Kurts, Aharon Yosef",Derashot (Homilies),Krakow,,zekanaharonkurts,
https://files.dicta.org.il/library-1-0/zichronaharon/zichronaharon__ocr_data_html_files.zip,זכרון אהרן,1915,ר' אהרן הכהן,פקש,"תנ""ך ומפרשיו",ספריית דיקטה,https://files.dicta.org.il/library-1-0/zichronaharon/zichronaharon__text_files.zip,https://files.dicta.org.il/library-1-0/zichronaharon/zichronaharon__nikud_meteg_files.zip,zichronaharon,Zichron Aharon,"Kohen, Aharon haCohen",Tanakh and Commentaries,Paks,,zichronaharon,
https://files.dicta.org.il/library-1-0/zichronyehudahgreenwald1/zichronyehudahgreenwald1__ocr_data_html_files.zip,זכרון י-הודה גרינוולד חלק א,1923,ר' י-הודה גרינולד (מסטמר),בודפשט,"שאלות ותשובות (שו""ת)",ספריית דיקטה,https://files.dicta.org.il/library-1-0/zichronyehudahgreenwald1/zichronyehudahgreenwald1__text_files.zip,https://files.dicta.org.il/library-1-0/zichronyehudahgreenwald1/zichronyehudahgreenwald1__nikud_meteg_files.zip,zichronyehudahgreenwald1,Zichron Yehudah part 1,R' Yehuda Greenwald (of Satmar),Responsa,Budapest,,zichronyehudahgreenwald1,
https://files.dicta.org.il/library-1-0/zkanaharon1/zkanaharon1__ocr_data_html_files.zip,זקן אהרן חלק א,1932,אהרן בן יעקב צבי וואלקין,פינסק,"שאלות ותשובות (שו""ת)",ספריית דיקטה,https://files.dicta.org.il/library-1-0/zkanaharon1/zkanaharon1__text_files.zip,https://files.dicta.org.il/library-1-0/zkanaharon1/zkanaharon1__nikud_meteg_files.zip,zkanaharon1,Zkan Aharon part 1,Aharon Volkin,Responsa,Pinsk,,zkanaharon1,
https://files.dicta.org.il/library-1-0/zkanaharon2/zkanaharon2__ocr_data_html_files.zip,זקן אהרן חלק ב,1938,אהרן בן יעקב צבי וואלקין,פינסק,"שאלות ותשובות (שו""ת)",ספריית דיקטה,https://files.dicta.org.il/library-1-0/zkanaharon2/zkanaharon2__text_files.zip,https://files.dicta.org.il/library-1-0/zkanaharon2/zkanaharon2__nikud_meteg_files.zip,zkanaharon2,Zkan Aharon part 2,Aharon Volkin,Responsa,Pinsk,,zkanaharon2,
